E00073223,51.494670199999995,-2.6768384
E00073224,51.436218200000006,-2.6097688000000003
E00073225,51.440213400000005,-2.6024082
E00073226,51.4398286,-2.6054488
E00073227,51.4397762,-2.6089182
E00073228,51.439270799999996,-2.6061554
E00073229,51.435962800000006,-2.6186876000000003
E00073230,51.438757599999995,-2.6104955999999997
E00073231,51.4390174,-2.6123754
E00073232,51.4389138,-2.6088948
E00073233,51.43778719999999,-2.6161313999999996
E00073234,51.43839875,-2.60763625
E00073236,51.4377058,-2.613238
E00073237,51.4372564,-2.6072960000000003
E00073238,51.43748375,-2.609836
E00073239,51.4365176,-2.6062246
E00073240,51.4359316,-2.6004519999999998
E00073241,51.43683059999999,-2.6114363999999997
E00073242,51.43434824999999,-2.6053777499999997
E00073243,51.4354328,-2.6149338
E00073245,51.4326444,-2.6238736000000005
E00073246,51.434985000000005,-2.6117152
E00073247,51.4319566,-2.6192724
E00073248,51.434777200000006,-2.6098476
E00073249,51.429406400000005,-2.6291282
E00073250,51.432826999999996,-2.6113168
E00073251,51.43507219999999,-2.6067382
E00073252,51.4340284,-2.6038216
E00073253,51.4372298,-2.626817
E00073254,51.4337904,-2.6081054
E00073255,51.433718,-2.6011336
E00073256,51.43207600000001,-2.604374
E00073257,51.43155899999999,-2.6221202
E00073258,51.431513800000005,-2.6010786
E00073259,51.43175239999999,-2.6295554
E00073260,51.431642,-2.6079635
E00073261,51.429832,-2.6259200000000003
E00073262,51.4303566,-2.6037182
E00073263,51.4805968,-2.5802264
E00073264,51.4800628,-2.5866592000000006
E00073266,51.4840755,-2.5883552499999998
E00073267,51.4828844,-2.5961980000000002
E00073268,51.4826898,-2.5838044000000004
E00073269,51.481345,-2.5827042000000002
E00073270,51.4811636,-2.5861612
E00073271,51.4818124,-2.5899362
E00073272,51.482287,-2.5795188
E00073273,51.48067920000001,-2.5845792
E00073274,51.481367999999996,-2.5927561999999997
E00073276,51.479666800000004,-2.5895234
E00073171,51.4680026,-2.5779966
E00073328,51.42304800000001,-2.6148684
E00073277,51.4785385,-2.59109575
E00073329,51.42337619999999,-2.621477
E00073278,51.4793318,-2.5978416
E00073330,51.4208096,-2.6180724
E00073172,51.4669314,-2.5756772
E00073280,51.478802333333334,-2.5968363333333335
E00073331,51.4203358,-2.6290839999999998
E00073173,51.4681772,-2.5824670000000003
E00073281,51.479581599999996,-2.5843578000000003
E00073332,51.4207292,-2.6228127999999997
E00073174,51.4676788,-2.585098
E00073282,51.4794026,-2.5945530000000003
E00073283,51.4791736,-2.5921746000000003
E00073284,51.47736999999999,-2.5900428
E00073285,51.47857739999999,-2.5877375999999996
E00073286,51.477743,-2.5937318
E00073287,51.477107000000004,-2.596191
E00073288,51.475879799999994,-2.590963
E00073289,51.4773498,-2.5883724
E00073290,51.475585249999995,-2.58661525
E00073291,51.47471975,-2.5851755
E00073292,51.4868788,-2.5814500000000002
E00073293,51.4847622,-2.5822979999999998
E00073294,51.4857416,-2.5845287999999997
E00073295,51.484065599999994,-2.5948794
E00073296,51.483528,-2.590932
E00073297,51.4838292,-2.5846314
E00073298,51.4832218,-2.5870374
E00073299,51.4832998,-2.5813118
E00073300,51.48313075,-2.5898195
E00073301,51.4181914,-2.6201018
E00073302,51.4153542,-2.6243857999999998
E00073303,51.4164126,-2.6266886
E00073304,51.40424839999999,-2.6253348
E00073305,51.4138596,-2.6210981999999996
E00073306,51.4105902,-2.6294475999999998
E00073307,51.411923,-2.6224432
E00073308,51.410759399999996,-2.6268040000000004
E00073309,51.4101622,-2.621424
E00073310,51.41002139999999,-2.6249536
E00073311,51.408846600000004,-2.6267232
E00073312,51.4079514,-2.6235368
E00073313,51.40702159999999,-2.6316216
E00073314,51.40619879999999,-2.6238002000000002
E00073315,51.4055376,-2.6243006
E00073316,51.4056174,-2.6285195999999997
E00073317,51.405772,-2.6316384
E00073318,51.4042192,-2.6291414000000004
E00073319,51.430522599999996,-2.6115292
E00073320,51.42770780000001,-2.6129506
E00073321,51.427533800000006,-2.6147328
E00073322,51.4232336,-2.6305476
E00073323,51.425807666666664,-2.612619666666667
E00073324,51.4250258,-2.6118542000000002
E00073325,51.42798760000001,-2.6076684000000006
E00073326,51.4251364,-2.6154398000000003
E00073327,51.4245358,-2.6188606
E00073176,51.46716240000001,-2.5793044000000003
E00073177,51.466032000000006,-2.5835649999999997
E00073178,51.46615380000001,-2.584978
E00073179,51.4664684,-2.5865280000000004
E00073181,51.464697799999996,-2.5845446
E00073182,51.4643642,-2.5885401999999997
E00073183,51.485717199999996,-2.6716369999999996
E00073184,51.4911348,-2.6861226
E00073185,51.4946758,-2.667147
E00073186,51.494193599999996,-2.6906064
E00073187,51.4953684,-2.6698999999999997
E00073188,51.493958799999994,-2.6849792
E00073189,51.4932424,-2.6818009999999997
E00073190,51.49324260000001,-2.6848295999999996
E00073191,51.4918804,-2.6788396000000003
E00073192,51.4915798,-2.6694724
E00073193,51.48376940000001,-2.6810186000000007
E00073194,51.491662000000005,-2.6759375
E00073195,51.491378,-2.6823553999999996
E00073196,51.4904456,-2.6752735999999997
E00073197,51.4882744,-2.671115
E00073198,51.490207600000005,-2.676364
E00073199,51.489433600000005,-2.6855003999999996
E00073200,51.490291,-2.6818923999999997
E00073201,51.4888516,-2.6798084
E00073202,51.4892234,-2.6764452
E00073203,51.488057000000005,-2.6772422
E00073204,51.4872116,-2.6829066000000004
E00073205,51.488095,-2.6756392
E00073206,51.4867904,-2.6736254
E00073207,51.487453800000004,-2.6792608
E00073208,51.4847842,-2.6694654
E00073209,51.4837954,-2.6731778
E00073210,51.48362099999999,-2.6772189999999996
E00073211,51.51250280000001,-2.6913504
E00073212,51.500680599999995,-2.7009694
E00073213,51.499568599999996,-2.6971344000000004
E00073214,51.498191,-2.688592
E00073215,51.495875749999996,-2.672622
E00073216,51.49802040000001,-2.6674192
E00073217,51.497654999999995,-2.6946887999999998
E00073218,51.496733400000004,-2.6927754
E00073219,51.508345000000006,-2.6771906000000003
E00073220,51.496524,-2.663685
E00073221,51.4950968,-2.6817539999999997
E00073222,51.4944972,-2.6728546
E00073333,51.419044400000004,-2.6271364000000004
E00073334,51.418886199999996,-2.6244474
E00073335,51.417400799999996,-2.6253768
E00073336,51.416016400000004,-2.618887
E00073337,51.41374999999999,-2.6261722
E00073338,51.438604999999995,-2.5455938
E00073339,51.4345998,-2.5498444
E00073340,51.4516932,-2.5382002
E00073341,51.449116200000006,-2.5354128000000005
E00073342,51.43290559999999,-2.5363916
E00073343,51.434802000000005,-2.5450936
E00073344,51.4546665,-2.54121725
E00073345,51.453601,-2.5427636666666666
E00073346,51.45157300000001,-2.5466376
E00073347,51.4538894,-2.5396334000000005
E00073348,51.45447360000001,-2.5446
E00073349,51.45240025,-2.54302525
E00073350,51.4500704,-2.550681
E00073351,51.45084860000001,-2.5427033999999997
E00073352,51.452377999999996,-2.5400878
E00073353,51.450480600000006,-2.549457
E00073354,51.4502018,-2.5406606
E00073355,51.4491254,-2.5381354000000003
E00073356,51.448222599999994,-2.5419696
E00073357,51.44572800000001,-2.5427465999999996
E00073358,51.443079,-2.5384734
E00073359,51.44203159999999,-2.540288
E00073360,51.441392199999996,-2.5372418
E00073361,51.4407162,-2.54938
E00073362,51.4417782,-2.5429354
E00073363,51.4398034,-2.5356378
E00073364,51.441094799999995,-2.5335524
E00073365,51.4402868,-2.5392948
E00073366,51.4393262,-2.5504168
E00073367,51.439941999999995,-2.5426602
E00073368,51.4377652,-2.5482394
E00073369,51.438961799999994,-2.5347562
E00073370,51.43760299999999,-2.5444682
E00073371,51.433682399999995,-2.5464873999999997
E00073372,51.437444400000004,-2.5315414000000005
E00073373,51.43749825,-2.5500455
E00073374,51.43664325,-2.5510785
E00073375,51.4361464,-2.5476074
E00073376,51.434948,-2.530885
E00073377,51.43533240000001,-2.5508488
E00073143,51.4684264,-2.573461
E00073145,51.464116000000004,-2.5847474000000004
E00073147,51.4635444,-2.5803064
E00073148,51.463496799999994,-2.5886526000000005
E00073150,51.464653999999996,-2.5784982000000003
E00073152,51.475296400000005,-2.5810262
E00073153,51.472427800000006,-2.5784958
E00073154,51.473951,-2.5829898
E00073155,51.472232,-2.5829218000000003
E00073156,51.471433000000005,-2.57419
E00073157,51.47143900000001,-2.5828772
E00073158,51.471405600000004,-2.5754362
E00073159,51.47109325,-2.58754725
E00073160,51.4696028,-2.5842937999999998
E00073161,51.4700558,-2.5760122
E00073162,51.470932000000005,-2.5848982000000005
E00073163,51.470299,-2.5882614
E00073164,51.4696854,-2.572711
E00073165,51.4694746,-2.5895036
E00073166,51.46878360000001,-2.5713894
E00073167,51.467318999999996,-2.5874525999999998
E00073168,51.46934639999999,-2.575442
E00073169,51.4691636,-2.5814236
E00073170,51.4680294,-2.5902914
E00073592,51.45688199999999,-2.5584138
E00073593,51.456140500000004,-2.5584985
E00073594,51.45605539999999,-2.5559686
E00073595,51.4549532,-2.5594152
E00073596,51.4561642,-2.5607338
E00073597,51.470477599999995,-2.563167
E00073598,51.474401799999995,-2.5425997999999996
E00073599,51.46488325000001,-2.5484134999999997
E00073600,51.482744600000004,-2.5447928
E00073601,51.474002999999996,-2.5463961999999998
E00073602,51.4736444,-2.5434576
E00073603,51.4732034,-2.5592152
E00073604,51.472946,-2.5477398
E00073605,51.473129199999995,-2.5547478
E00073606,51.471381599999994,-2.5464514
E00073607,51.4722804,-2.5558319999999997
E00073608,51.4724072,-2.551111
E00073609,51.47308340000001,-2.5536708
E00073611,51.4720948,-2.5608085999999997
E00073612,51.4703796,-2.5599438
E00073613,51.469922,-2.547393
E00073614,51.46817920000001,-2.5445704000000005
E00073615,51.465356799999995,-2.5463736
E00073616,51.4669312,-2.5488136
E00073617,51.48639579999999,-2.5516484000000004
E00073618,51.4871392,-2.5487252
E00073619,51.4838788,-2.553761
E00073620,51.48459819999999,-2.5487724
E00073621,51.4818848,-2.55516
E00073622,51.48186820000001,-2.5480658000000003
E00073623,51.479213,-2.5566594
E00073624,51.481989799999994,-2.541964
E00073625,51.480335600000004,-2.5481682
E00073626,51.4802556,-2.5370648000000005
E00073627,51.4781422,-2.5379818000000003
E00073628,51.47617525,-2.5586142499999998
E00073629,51.47808239999999,-2.5427471999999995
E00073630,51.4774002,-2.5371986
E00073631,51.475777199999996,-2.5473332
E00073632,51.47676260000001,-2.5426884
E00073633,51.4759218,-2.5381516
E00073634,51.475335199999996,-2.542064
E00073635,51.4747958,-2.5475288
E00073636,51.42282240000001,-2.5905308000000002
E00073637,51.4222134,-2.5935604000000003
E00073638,51.4293132,-2.5878873999999996
E00073639,51.42765599999999,-2.5962406000000002
E00073640,51.430895750000005,-2.5912497500000002
E00073641,51.4287666,-2.5798774
E00073642,51.4281302,-2.5877488
E00073697,51.48081199999999,-2.5229334000000003
E00073643,51.4279992,-2.5913002
E00073748,51.511872399999994,-2.6351337999999997
E00073542,51.467382799999996,-2.6108186
E00073378,51.4414396,-2.551987
E00073492,51.456224799999994,-2.6152286000000005
E00073439,51.464604800000004,-2.5919545999999998
E00073379,51.42884200000001,-2.5493552
E00073380,51.432260799999995,-2.5516636000000004
E00073381,51.43328699999999,-2.5493456
E00073382,51.431422,-2.5484367999999997
E00073383,51.4297068,-2.5516358
E00073384,51.428082,-2.5544582
E00073385,51.42921320000001,-2.5452748
E00073386,51.4264946,-2.5386260000000003
E00073387,51.4272058,-2.5458779999999996
E00073388,51.426874399999996,-2.5528642
E00073389,51.4415578,-2.5585034
E00073390,51.446782999999996,-2.5491392
E00073391,51.446854599999995,-2.5519312
E00073392,51.445952399999996,-2.5547842
E00073393,51.4445246,-2.55279
E00073394,51.444268799999996,-2.5492238
E00073395,51.444612000000006,-2.550764
E00073397,51.443922,-2.5564283999999997
E00073398,51.44290525,-2.5550532500000003
E00073399,51.44297220000001,-2.5519134
E00073400,51.44200525000001,-2.556204
E00073401,51.441798799999994,-2.5536314
E00073749,51.5096542,-2.6409391999999996
E00073402,51.44069979999999,-2.5544122
E00073440,51.4638016,-2.5934988
E00073750,51.50780960000001,-2.6166378
E00073644,51.42773739999999,-2.5933646
E00073403,51.438377200000005,-2.5526524000000004
E00073441,51.463594799999996,-2.5910117999999995
E00073493,51.456376,-2.6118246
E00073543,51.467206,-2.606471
E00073751,51.5099686,-2.6190767999999998
E00073698,51.4802232,-2.5282978
E00073645,51.42677733333334,-2.581228
E00073404,51.4400804,-2.5556278
E00073442,51.46182000000001,-2.5949786
E00073494,51.4556265,-2.6136652499999995
E00073544,51.468412,-2.6021878000000003
E00073752,51.5090002,-2.6148702
E00073699,51.478593599999996,-2.5273406
E00073646,51.4265632,-2.5858496
E00073405,51.4390004,-2.5599625999999995
E00073443,51.462668799999996,-2.595695
E00073495,51.454548599999995,-2.6129084000000002
E00073545,51.468870800000005,-2.5940393999999998
E00073754,51.51046839999999,-2.6212842000000003
E00073700,51.4890612,-2.5409682
E00073647,51.42587739999999,-2.5941148000000007
E00073406,51.43909624999999,-2.5539527499999997
E00073407,51.43751360000001,-2.5550184000000002
E00073408,51.4360794,-2.5582984000000004
E00073409,51.4378336,-2.5581957999999996
E00073410,51.4369012,-2.5617351999999998
E00073411,51.4343442,-2.5594107999999998
E00073412,51.435106399999995,-2.5533378
E00073413,51.4344188,-2.5569546
E00073414,51.462644,-2.5908926
E00073415,51.462034666666675,-2.6075663333333337
E00073416,51.462123600000005,-2.5972190000000004
E00073419,51.46492539999999,-2.5907924
E00073420,51.4584124,-2.600317
E00073421,51.46082320000001,-2.6014340000000002
E00073422,51.4625762,-2.5926131999999997
E00073423,51.4611674,-2.5988992
E00073424,51.46138979999999,-2.5943131999999998
E00073425,51.4592612,-2.6057778
E00073426,51.4612884,-2.6001474
E00073431,51.4550694,-2.6072588
E00073432,51.450976000000004,-2.6065716
E00073433,51.4548268,-2.6012142
E00073437,51.44717039999999,-2.6128726
E00073648,51.426083500000004,-2.5821085
E00073649,51.4258482,-2.5882052
E00073650,51.4253242,-2.5836392
E00073651,51.425178,-2.5986422
E00073652,51.424983399999995,-2.5801946
E00073653,51.423169200000004,-2.5865058
E00073654,51.42410520000001,-2.5821798
E00073655,51.423694999999995,-2.5769424
E00073656,51.423539000000005,-2.598077
E00073657,51.4243374,-2.5918418
E00073658,51.424183000000006,-2.5884945999999998
E00073659,51.4191558,-2.5907456000000004
E00073660,51.4223796,-2.595265
E00073662,51.4206076,-2.5942218
E00073663,51.420163200000005,-2.5983026
E00073664,51.4187408,-2.5949994
E00073701,51.4924348,-2.5336044
E00073665,51.4176608,-2.5927274
E00073702,51.4943624,-2.5290114
E00073666,51.4353914,-2.5825848
E00073703,51.49459040000001,-2.531371
E00073755,51.5094514,-2.6284984000000002
E00073546,51.467585199999995,-2.603492
E00073496,51.454103800000006,-2.6109649999999998
E00073667,51.432973200000006,-2.5838374
E00073444,51.463410333333336,-2.5970676666666663
E00073704,51.4919394,-2.5189528
E00073756,51.50911,-2.6223638
E00073547,51.466726,-2.5959415000000003
E00073548,51.467666599999994,-2.5924002
E00073549,51.46657180000001,-2.5930968
E00073550,51.46681980000001,-2.6060972
E00073551,51.46651380000001,-2.6041546
E00073552,51.46654679999999,-2.5997791999999995
E00073553,51.466407600000004,-2.601306
E00073554,51.465271249999994,-2.60114575
E00073555,51.46489966666667,-2.6075476666666666
E00073556,51.46515300000001,-2.6056310000000003
E00073557,51.4654894,-2.6036028
E00073558,51.464772399999994,-2.5971134
E00073559,51.4666786,-2.5553266
E00073560,51.459713799999996,-2.5561920000000002
E00073561,51.4691096,-2.557852
E00073562,51.4684488,-2.562566
E00073563,51.4684526,-2.5602052
E00073564,51.4673364,-2.5571566
E00073565,51.4691116,-2.5649523999999997
E00073566,51.467495400000004,-2.5614144
E00073567,51.4672368,-2.5640424
E00073568,51.466526,-2.5596229999999998
E00073569,51.4671998,-2.5524652
E00073570,51.4666065,-2.56274725
E00073571,51.4655172,-2.5580874
E00073572,51.46385819999999,-2.5551252
E00073573,51.465683,-2.562929
E00073574,51.464833799999994,-2.5595994
E00073575,51.46431199999999,-2.5621986
E00073576,51.4635004,-2.5570238000000005
E00073577,51.4627252,-2.5623836
E00073578,51.463466000000004,-2.5609165
E00073579,51.462607250000005,-2.55566625
E00073580,51.46200580000001,-2.5552526
E00073581,51.4622482,-2.5584333999999997
E00073582,51.46005,-2.5578192
E00073583,51.4580914,-2.5571074
E00073584,51.460076400000005,-2.5615938
E00073585,51.46109899999999,-2.5576364000000003
E00073586,51.460527400000004,-2.5550012000000004
E00073587,51.459095000000005,-2.5551276
E00073588,51.4585632,-2.559549
E00073589,51.457403,-2.555916
E00073590,51.457897200000005,-2.5599754000000003
E00073591,51.456577200000005,-2.5547172
E00073757,51.50748660000001,-2.6327163999999996
E00073758,51.5072934,-2.622686
E00073759,51.506857600000004,-2.6198748000000003
E00073760,51.5044972,-2.6180736
E00073761,51.5053128,-2.6226404
E00073762,51.505276200000004,-2.6294152000000004
E00073763,51.5032062,-2.6231188
E00073764,51.512799599999994,-2.6208978
E00073765,51.513514199999996,-2.6281445999999997
E00073766,51.5133328,-2.6240528000000003
E00073767,51.5139472,-2.5986292
E00073768,51.513792,-2.6164992
E00073769,51.5126754,-2.631001
E00073770,51.5125808,-2.6070152
E00073771,51.511930199999995,-2.6137971999999996
E00073772,51.5119154,-2.6042077999999997
E00073773,51.51160639999999,-2.6257811999999996
E00073774,51.5118602,-2.6011732000000003
E00073775,51.5111706,-2.6305050000000003
E00073776,51.51042579999999,-2.6235168
E00073777,51.51152020000001,-2.6162146
E00073778,51.5111634,-2.6115294
E00073779,51.507473600000004,-2.6365223999999996
E00073780,51.425821799999994,-2.5684458
E00073781,51.4251352,-2.5696711999999997
E00073782,51.421980600000005,-2.5735552
E00073783,51.4197228,-2.5799492
E00073784,51.4145286,-2.584606
E00073785,51.420471,-2.5776551999999997
E00073786,51.419244000000006,-2.5730262
E00073787,51.418590200000004,-2.5755374
E00073788,51.42195439999999,-2.5629182
E00073789,51.41775,-2.5736402
E00073790,51.4165786,-2.5756761999999997
E00073791,51.414825199999996,-2.5720792
E00073792,51.4154586,-2.5682017999999998
E00073793,51.4168316,-2.562809
E00073794,51.413877400000004,-2.5615851999999997
E00073795,51.415586399999995,-2.565969
E00073796,51.4132642,-2.5665098
E00073797,51.4090464,-2.5790124
E00073798,51.4139238,-2.5743514
E00073497,51.4697724,-2.6158134000000004
E00073445,51.461945,-2.6010055
E00073705,51.488849,-2.5151899999999996
E00073668,51.4295754,-2.585414
E00073498,51.46856620000001,-2.6185464000000005
E00073499,51.4674268,-2.617205
E00073500,51.46924679999999,-2.6148564
E00073501,51.46892819999999,-2.617374
E00073502,51.4673902,-2.6132684
E00073503,51.466819,-2.6193844000000004
E00073504,51.46610979999999,-2.612569
E00073505,51.4649322,-2.6108596
E00073506,51.465683999999996,-2.6142644000000006
E00073507,51.46547833333333,-2.6162119999999995
E00073508,51.4641654,-2.6141166
E00073509,51.4642932,-2.617165
E00073510,51.463536,-2.6117302000000002
E00073511,51.463086999999994,-2.6146924
E00073512,51.4615004,-2.6130704
E00073513,51.4623024,-2.6095008
E00073514,51.46261059999999,-2.6107544
E00073669,51.433227599999995,-2.5887344000000003
E00073670,51.429122199999995,-2.5832106
E00073671,51.4298712,-2.5931734
E00073672,51.481921799999995,-2.5356876
E00073673,51.4876948,-2.5406638000000004
E00073674,51.48545300000001,-2.5251378
E00073675,51.4891344,-2.5124826
E00073676,51.4885668,-2.5387554000000003
E00073677,51.487293799999996,-2.52244
E00073678,51.4885364,-2.5191672
E00073679,51.490379999999995,-2.5347728000000003
E00073680,51.4868612,-2.5189700000000004
E00073681,51.48528040000001,-2.5431440000000003
E00073682,51.4858422,-2.5172301999999998
E00073683,51.4828356,-2.5247106
E00073684,51.4826178,-2.5281554
E00073685,51.48245420000001,-2.5233092
E00073688,51.4850988,-2.5211044
E00073689,51.48280659999999,-2.5164554000000003
E00073690,51.483466199999995,-2.5314313999999998
E00073691,51.4831162,-2.5208456
E00073706,51.4898964,-2.5186412
E00073692,51.48317060000001,-2.5184962000000004
E00073693,51.480670399999994,-2.5308547999999997
E00073707,51.4894914,-2.5359318
E00073695,51.485170399999994,-2.5274677999999997
E00073708,51.48778339999999,-2.5166414
E00073696,51.480106,-2.5255144
E00073709,51.405402,-2.6138123333333336
E00073446,51.461545799999996,-2.605716
E00073710,51.404917,-2.6117812
E00073447,51.4512414,-2.6184766
E00073711,51.416941400000006,-2.6126758000000003
E00073448,51.4493692,-2.6191991999999997
E00073712,51.4116626,-2.6013431999999996
E00073449,51.45552566666667,-2.617152
E00073713,51.411329,-2.6163359999999996
E00073450,51.4550834,-2.622559
E00073714,51.412160400000005,-2.5974964
E00073451,51.454432399999995,-2.624651
E00073715,51.412155399999996,-2.6051834000000005
E00073452,51.454423799999994,-2.6172296
E00073716,51.412262600000005,-2.610539
E00073453,51.4543672,-2.6148408
E00073717,51.41110260000001,-2.6084188
E00073454,51.45394600000001,-2.6245518
E00073718,51.4095638,-2.6070324
E00073455,51.4517202,-2.6236792
E00073719,51.413394200000006,-2.618416
E00073456,51.4536628,-2.6202338
E00073457,51.45316820000001,-2.6233868
E00073458,51.452658,-2.6207817500000004
E00073461,51.4507482,-2.6144030000000003
E00073462,51.451571799999996,-2.6201968
E00073463,51.4503958,-2.6221238
E00073464,51.4517596,-2.6163766
E00073465,51.4518152,-2.6107826
E00073466,51.4504996,-2.6168288
E00073467,51.450776,-2.6233952
E00073468,51.450596,-2.6122306
E00073469,51.448957199999995,-2.618363
E00073470,51.4494716,-2.6143828
E00073471,51.44987139999999,-2.620107
E00073472,51.4643846,-2.6195586
E00073473,51.4629384,-2.6179696
E00073474,51.4599496,-2.619265
E00073476,51.4593708,-2.616448
E00073477,51.45911639999999,-2.6238512
E00073478,51.4582596,-2.6188056
E00073479,51.4581868,-2.621743
E00073480,51.4581376,-2.6244121999999996
E00073481,51.456040400000006,-2.618542
E00073482,51.455462,-2.6213242
E00073483,51.454514399999994,-2.6193644
E00073484,51.4661765,-2.6169135
E00073485,51.4557644,-2.6108122000000002
E00073486,51.4584692,-2.610719
E00073487,51.4583492,-2.6131006
E00073488,51.4575016,-2.6128785999999997
E00073489,51.4575556,-2.6170416
E00073490,51.457718,-2.6151880000000003
E00073491,51.4567136,-2.6089919999999998
E00073515,51.462178800000004,-2.6157308
E00073516,51.45981020000001,-2.6097415999999996
E00073517,51.46002000000001,-2.6116426666666666
E00073518,51.46025219999999,-2.6147897999999996
E00073519,51.45946260000001,-2.6127127999999997
E00073520,51.465447999999995,-2.5958348
E00073521,51.46422425,-2.603762
E00073522,51.4697192,-2.6108546
E00073523,51.46682375,-2.60794625
E00073524,51.466212199999994,-2.6099036
E00073525,51.4654004,-2.5942192000000004
E00073526,51.463181,-2.6079032
E00073527,51.464058,-2.607399
E00073528,51.4631606,-2.6039551999999997
E00073529,51.4646336,-2.6090482
E00073530,51.463355,-2.6010961999999997
E00073531,51.470974,-2.6078308000000003
E00073532,51.4699988,-2.6141126
E00073533,51.470678,-2.6091361999999996
E00073534,51.4688484,-2.6074509999999997
E00073535,51.4682004,-2.6106736
E00073536,51.4687405,-2.595771
E00073537,51.46799440000001,-2.5983326
E00073538,51.4694738,-2.6020344000000004
E00073539,51.469522,-2.6052228
E00073540,51.468653800000006,-2.6123294
E00073541,51.46822420000001,-2.6051276000000003
E00073720,51.4108896,-2.5974394
E00073721,51.40957000000001,-2.616108
E00073722,51.409035800000005,-2.6095531999999997
E00073723,51.4090988,-2.6190670000000003
E00073724,51.4103748,-2.6038167999999997
E00073725,51.4080048,-2.6162192
E00073726,51.4057074,-2.6187162
E00073727,51.407405000000004,-2.613974
E00073728,51.407104000000004,-2.6064482
E00073729,51.4061108,-2.620429
E00073730,51.40682819999999,-2.6098458
E00073731,51.4066024,-2.6165596
E00073732,51.4058976,-2.6084737999999996
E00073733,51.4048538,-2.6187068
E00073734,51.4233296,-2.6070854000000003
E00073735,51.421698000000006,-2.6068194
E00073736,51.419975,-2.613766
E00073737,51.4203535,-2.6095505
E00073738,51.419392200000004,-2.6051406
E00073739,51.417329200000005,-2.6152028
E00073740,51.418599799999996,-2.6143254
E00073741,51.4175026,-2.6060762
E00073743,51.414587,-2.6155254
E00073744,51.413768600000004,-2.6106401999999997
E00073745,51.41236175,-2.6139195
E00073746,51.5093044,-2.609735
E00073747,51.5110816,-2.6393398
E00074115,51.466435000000004,-2.526624
E00074116,51.462469,-2.5208984
E00074117,51.463589999999996,-2.5211846
E00074118,51.4611486,-2.5156929999999997
E00074119,51.4625042,-2.5141706
E00074120,51.461958800000005,-2.5245342
E00074121,51.4608758,-2.5177104
E00074122,51.4609952,-2.5215954
E00074123,51.458563000000005,-2.523361
E00074124,51.4597644,-2.5225256000000003
E00074125,51.4583396,-2.5202351999999997
E00074126,51.4578048,-2.5287783999999998
E00074127,51.4575684,-2.5321754
E00074128,51.456434200000004,-2.5283482
E00074129,51.45685160000001,-2.5253652
E00074130,51.45566820000001,-2.521333
E00074131,51.4550584,-2.5388386
E00074132,51.4561832,-2.5243786
E00074133,51.455085999999994,-2.530264
E00074134,51.4537862,-2.5230558000000003
E00074135,51.4538814,-2.5267128
E00074136,51.453326000000004,-2.5302926
E00074137,51.454652249999995,-2.5378675
E00074138,51.452414399999995,-2.5214888
E00074139,51.452135,-2.5344034
E00074140,51.45275740000001,-2.5247194
E00074141,51.4512464,-2.5316012
E00074142,51.451097600000004,-2.5267898
E00074143,51.4507866,-2.5241698
E00074144,51.4494984,-2.525675
E00074145,51.45219999999999,-2.5287454
E00074146,51.465937399999994,-2.5207102000000003
E00074147,51.4655054,-2.5138966
E00074148,51.46450860000001,-2.5229136
E00074149,51.4646738,-2.5160780000000003
E00074150,51.4631606,-2.5259472
E00074151,51.46567159999999,-2.5242655999999997
E00074152,51.4635984,-2.5185158
E00074153,51.46448300000001,-2.5127162
E00074154,51.463447800000004,-2.5403080000000005
E00074155,51.461191799999995,-2.5384934
E00074156,51.460543599999994,-2.5391939999999997
E00074157,51.45985520000001,-2.5268074
E00074158,51.460053599999995,-2.5289284000000003
E00074159,51.465968200000006,-2.530727
E00074160,51.46547940000001,-2.538083
E00074161,51.4645804,-2.5431483999999998
E00074162,51.4657112,-2.5342568
E00074163,51.464286,-2.5284446
E00074164,51.4636892,-2.5359864
E00073849,51.484803799999995,-2.6135674
E00074165,51.464457,-2.5343427999999997
E00073900,51.4948232,-2.5977474
E00073901,51.4938406,-2.5774096
E00073902,51.494280499999995,-2.5794117500000002
E00073904,51.493261249999996,-2.57630625
E00073905,51.493340599999996,-2.5809248
E00073906,51.49323879999999,-2.6009272
E00073907,51.49277099999999,-2.596773
E00073908,51.492001,-2.5925912
E00073909,51.4912346,-2.5887122
E00073910,51.490436599999995,-2.5911394
E00073911,51.4912065,-2.5823365000000003
E00073912,51.491284199999996,-2.5845417999999993
E00073913,51.4902832,-2.5934214
E00073914,51.489745199999994,-2.5829894
E00074166,51.463087800000004,-2.5443082
E00073799,51.412411399999996,-2.5636520000000003
E00073915,51.487858800000005,-2.5847436000000004
E00074167,51.464337799999996,-2.5309298
E00073850,51.4844334,-2.6077298
E00073800,51.4133646,-2.5635286
E00073916,51.4893752,-2.5876282
E00074168,51.463007600000005,-2.5499324000000003
E00073851,51.485418,-2.5988168000000003
E00074003,51.4539626,-2.5675029999999994
E00073852,51.47326539999999,-2.5311662
E00073853,51.471120199999994,-2.52512
E00074006,51.45106979999999,-2.5643786
E00073917,51.485496999999995,-2.5894892
E00073801,51.411380599999994,-2.5681224
E00073854,51.4703136,-2.528071
E00074065,51.49311720000001,-2.5649184
E00073953,51.497546799999995,-2.6582526
E00074169,51.4633022,-2.5480878000000002
E00074007,51.4480492,-2.5851379999999997
E00073918,51.499646,-2.5857552
E00073802,51.411521400000005,-2.5609062
E00073855,51.4699564,-2.531211
E00074066,51.4932198,-2.57162
E00073954,51.497582,-2.6616498
E00074170,51.462490200000005,-2.5369656
E00074008,51.44715525000001,-2.58632275
E00073919,51.4993374,-2.5775428000000002
E00073803,51.41020640000001,-2.563973
E00073856,51.4707092,-2.5188586
E00074067,51.492718999999994,-2.573814
E00073955,51.4958582,-2.6417083999999997
E00074171,51.461911400000005,-2.5302306000000003
E00074009,51.447098,-2.5894942
E00073921,51.499601600000005,-2.5920499999999995
E00073922,51.4981604,-2.5870992
E00073923,51.49739999999999,-2.5823012
E00073925,51.495642,-2.5771332
E00073926,51.4965758,-2.5968342
E00073927,51.49637560000001,-2.5833826
E00073928,51.4961372,-2.5799082
E00073929,51.496033499999996,-2.646055
E00073930,51.490300000000005,-2.645335
E00073931,51.484027600000005,-2.6501542000000002
E00073932,51.4867388,-2.6506018
E00073933,51.487504799999996,-2.6444224
E00073934,51.487077,-2.6472488
E00073935,51.4853692,-2.646621
E00073936,51.484179000000005,-2.6478773999999996
E00073937,51.5049884,-2.6570276
E00073938,51.504617999999994,-2.6433896
E00073939,51.5062194,-2.653009
E00073940,51.5058862,-2.6504027999999997
E00073941,51.5053318,-2.647382
E00073942,51.5042988,-2.6457716
E00073943,51.50028519999999,-2.6644292
E00073944,51.504476499999996,-2.6513935
E00073945,51.504017,-2.6485894
E00073946,51.50187940000001,-2.6508598
E00073947,51.502961400000004,-2.6540868
E00073948,51.50113279999999,-2.6553854
E00073949,51.50216379999999,-2.6578744
E00073950,51.50142040000001,-2.657714
E00073951,51.49974199999999,-2.6612717999999997
E00073952,51.49691240000001,-2.6479282000000004
E00074172,51.4612706,-2.535385
E00074173,51.4626622,-2.5339362000000003
E00074174,51.4595394,-2.5485292000000004
E00074175,51.4626898,-2.5523586000000003
E00074176,51.46162519999999,-2.5420308
E00074177,51.46155159999999,-2.5274054
E00074178,51.460669800000005,-2.5517151999999994
E00074179,51.4595992,-2.5345078000000005
E00074180,51.461448399999995,-2.53235
E00074181,51.4586858,-2.5530906
E00074182,51.45979079999999,-2.5423948000000003
E00074183,51.458622799999986,-2.5424098
E00074184,51.4589286,-2.5359968000000004
E00074185,51.459042,-2.5460996
E00074186,51.45917479999999,-2.5441954000000004
E00074187,51.458369399999995,-2.5503083999999996
E00074188,51.45849019999999,-2.5486952
E00074189,51.458541249999996,-2.547607
E00074190,51.4585144,-2.5393138
E00074191,51.45698599999999,-2.5461816
E00074193,51.50165080000001,-2.6013865999999997
E00074194,51.4972834,-2.6140494
E00074195,51.508998,-2.5970336666666665
E00074197,51.507338600000004,-2.60566
E00074198,51.5075978,-2.5996376000000003
E00074199,51.50526219999999,-2.5998379999999996
E00074200,51.505747,-2.6070682000000005
E00074201,51.505857000000006,-2.5953760000000003
E00074202,51.50541499999999,-2.6044992000000002
E00074203,51.505188,-2.6020528
E00074204,51.5054834,-2.592138
E00074205,51.505037,-2.6090184
E00074206,51.504170599999995,-2.5952734
E00074207,51.5041156,-2.5895067999999997
E00074208,51.5032504,-2.6085048
E00074209,51.503235600000004,-2.5932237999999996
E00074210,51.50246159999999,-2.5990084
E00074211,51.5028176,-2.5964832
E00074212,51.501718000000004,-2.6106194
E00074213,51.499855600000004,-2.613537
E00074214,51.5018272,-2.5921312
E00074215,51.500903400000006,-2.5973426
E00074216,51.50096119999999,-2.6085347999999997
E00074010,51.4469036,-2.5881390000000004
E00073956,51.49267639999999,-2.6567368
E00073804,51.409701600000005,-2.5694532000000003
E00073857,51.4691668,-2.5222994
E00074068,51.4908782,-2.5647962
E00074011,51.4657566,-2.5714753999999997
E00074012,51.4665126,-2.5676528000000003
E00074013,51.464447199999995,-2.5651829999999998
E00074014,51.465591,-2.5667630000000003
E00074016,51.4643344,-2.5728978000000002
E00074018,51.4647844,-2.5683768000000002
E00074019,51.4623342,-2.5707764
E00074020,51.4633874,-2.568311
E00074021,51.46359700000001,-2.5740166
E00074022,51.462369,-2.5647742
E00074023,51.4613126,-2.5649512000000003
E00074024,51.462161800000004,-2.5744332
E00074025,51.460849200000006,-2.5736593999999995
E00074026,51.46121840000001,-2.576474
E00074027,51.46124519999999,-2.5710044000000005
E00074028,51.459152800000005,-2.5816246000000005
E00074029,51.4610762,-2.5692291999999997
E00074030,51.45795460000001,-2.5713404
E00074032,51.4594616,-2.5693875999999998
E00074033,51.458477200000004,-2.5809102
E00074034,51.4572654,-2.5743772
E00074037,51.456325400000004,-2.5634708
E00073858,51.4694468,-2.5159534
E00074038,51.456533,-2.562584
E00073957,51.494643800000006,-2.646733
E00073859,51.467941800000006,-2.5398398
E00073958,51.49292760000001,-2.6469270000000003
E00073805,51.41058399999999,-2.5659386
E00073860,51.4669732,-2.5327602
E00073806,51.4088624,-2.5730486
E00073959,51.4951152,-2.6506684
E00073861,51.468491799999995,-2.5201377999999997
E00073807,51.4088378,-2.5644332
E00073960,51.4932194,-2.6422245999999996
E00074041,51.4542512,-2.5621842
E00073862,51.4680734,-2.5142160000000002
E00074069,51.4902338,-2.5714102
E00073808,51.40796,-2.5678358
E00073961,51.4920696,-2.6498135999999994
E00074042,51.45376649999999,-2.56138075
E00073864,51.467983000000004,-2.5241282
E00074070,51.490085199999996,-2.5624378
E00073809,51.4062458,-2.568962
E00073962,51.4904732,-2.652037
E00074045,51.49071933333334,-2.5679160000000003
E00073865,51.467488,-2.5190032
E00074071,51.487118599999995,-2.563346
E00073810,51.406116999999995,-2.5669992
E00073963,51.489001800000004,-2.6491960000000003
E00074046,51.49093660000001,-2.5754894
E00073866,51.4809406,-2.5195106000000003
E00074072,51.489668200000004,-2.5738516
E00073811,51.426466000000005,-2.5649556
E00073964,51.490598,-2.6472726
E00074047,51.4849696,-2.5663121999999996
E00073867,51.480296599999996,-2.5211791999999997
E00074073,51.48937900000001,-2.575991
E00073812,51.42348775,-2.5737585000000003
E00073965,51.4275848,-2.5723165999999997
E00074048,51.484346800000004,-2.5764346000000002
E00073868,51.48043740000001,-2.5162184
E00074074,51.48880075,-2.5663185
E00073813,51.424684,-2.5656902
E00073966,51.428281000000005,-2.575993
E00074049,51.4836556,-2.5702936000000003
E00073869,51.479168,-2.5197494
E00074075,51.486108,-2.5758579999999998
E00073814,51.42365040000001,-2.5660081999999997
E00073967,51.437809400000006,-2.5654352000000005
E00073870,51.4784068,-2.5145628
E00074050,51.482013200000004,-2.5750492
E00074076,51.48783924999999,-2.5703934999999998
E00073815,51.422044400000004,-2.5693162
E00073968,51.4383008,-2.569058
E00073871,51.4792666,-2.5177752
E00074051,51.480219250000005,-2.57352075
E00074077,51.487692,-2.5663634
E00073816,51.420701199999996,-2.5692707999999995
E00073969,51.4388982,-2.5715172
E00073970,51.437168199999995,-2.5719762000000004
E00073971,51.4371716,-2.5741884
E00073972,51.437501399999995,-2.5670424
E00073973,51.4363728,-2.5680154
E00073974,51.436028199999996,-2.5765604000000004
E00073975,51.43605475,-2.5708124999999997
E00073976,51.434784,-2.5703752
E00073977,51.43592199999999,-2.5664100000000003
E00073978,51.435715200000004,-2.5636976
E00073979,51.435183200000004,-2.5622404
E00073980,51.4351688,-2.5792272
E00073981,51.433114249999996,-2.580015
E00073982,51.4321326,-2.5653505999999995
E00073983,51.43384420000001,-2.5761638
E00073984,51.43353219999999,-2.5640444
E00073985,51.43211240000001,-2.5724738
E00073986,51.432535400000006,-2.5615552
E00073987,51.4338176,-2.5678571999999997
E00073988,51.4326794,-2.5773666
E00073989,51.4303324,-2.5738038
E00073990,51.43077400000001,-2.5683721999999998
E00073991,51.42966740000001,-2.5632752000000005
E00073992,51.429442200000004,-2.5693740000000003
E00073993,51.428734199999994,-2.5777563999999997
E00073994,51.4284622,-2.5726212
E00073995,51.4304348,-2.5782236000000003
E00073996,51.4275856,-2.5662324
E00073997,51.4291284,-2.5658944
E00073998,51.426859,-2.5780346
E00073999,51.426070200000005,-2.5733103999999996
E00074000,51.4517704,-2.5591698000000003
E00074001,51.46726060000001,-2.5679646
E00074002,51.450906800000006,-2.581816
E00073872,51.476240999999995,-2.5233966000000003
E00073873,51.4766488,-2.5201874
E00073874,51.476955399999994,-2.5179734
E00073875,51.4755224,-2.5337639999999997
E00073876,51.476672799999996,-2.5143446000000003
E00073877,51.475432999999995,-2.5265406
E00073878,51.4738106,-2.5174854000000004
E00073879,51.47533440000001,-2.51568
E00073880,51.47231760000001,-2.5183066000000003
E00073881,51.4732792,-2.528494
E00073882,51.4735636,-2.5332484
E00073883,51.4742428,-2.5128224
E00073884,51.4734736,-2.5354794000000003
E00073885,51.4708446,-2.5127298
E00073886,51.473988799999994,-2.5242318
E00073887,51.47311179999999,-2.5384667999999997
E00073888,51.4729574,-2.521677
E00073889,51.472231199999996,-2.5267972
E00073890,51.47276480000001,-2.5131602
E00073891,51.4734294,-2.525075
E00073892,51.490780599999994,-2.579111
E00073893,51.4870578,-2.5887664
E00073894,51.485915,-2.5869419999999996
E00073895,51.5017388,-2.5896664
E00073896,51.499450249999995,-2.5753179999999998
E00073897,51.4950782,-2.5802889999999996
E00073898,51.492964199999996,-2.5927505999999996
E00073899,51.49400959999999,-2.588982
E00074052,51.4806976,-2.5672818
E00074078,51.48727675,-2.5797369999999997
E00073817,51.4213302,-2.5756120000000005
E00074053,51.478198199999994,-2.5631816
E00074054,51.47666300000001,-2.5741262000000003
E00074055,51.4765116,-2.5620088
E00074056,51.476644,-2.5655006
E00074057,51.47463560000001,-2.5665472
E00074058,51.4741904,-2.5711606000000002
E00074060,51.495687399999994,-2.5715188
E00074061,51.4961906,-2.5686296000000004
E00074062,51.494804599999995,-2.5737143999999996
E00074063,51.49430360000001,-2.5684620000000002
E00074064,51.4933746,-2.5634462
E00074079,51.473944800000005,-2.5963022
E00074080,51.472331600000004,-2.595645
E00074081,51.472773999999994,-2.6130688
E00074082,51.471758799999996,-2.5936168
E00074083,51.4722838,-2.597925
E00074084,51.4705992,-2.6044884
E00074085,51.472113,-2.5901448
E00074086,51.470801200000004,-2.5994439999999996
E00074087,51.4713886,-2.6013606000000005
E00074088,51.471288400000006,-2.5924640000000005
E00074089,51.471128799999995,-2.604417
E00074090,51.4700324,-2.596799
E00074091,51.471303,-2.596357
E00074092,51.47097325,-2.59130425
E00074093,51.4809666,-2.6013762
E00074094,51.4795576,-2.6026192000000004
E00074095,51.47934239999999,-2.6052436
E00074096,51.4778588,-2.6066834
E00074097,51.47656860000001,-2.6036802000000003
E00074098,51.4775948,-2.6010152
E00074099,51.4766932,-2.6081510000000003
E00074100,51.476052200000005,-2.60621
E00074101,51.47594819999999,-2.6123204
E00074102,51.47575919999999,-2.5977662
E00074103,51.4745226,-2.6109181999999995
E00074104,51.473924,-2.5917956
E00074105,51.473220000000005,-2.6057982
E00074106,51.474617,-2.5948925
E00074107,51.4738584,-2.6144082
E00074108,51.47394419999999,-2.5889683999999997
E00074109,51.474763200000005,-2.6005026
E00074110,51.474735800000005,-2.6131614
E00074111,51.47407425,-2.58921375
E00074112,51.473552,-2.6103650000000003
E00074113,51.472885600000005,-2.5927872
E00074114,51.4739552,-2.5924324
E00073818,51.4866998,-2.612809
E00073819,51.4837472,-2.6110704
E00073820,51.4826374,-2.6154916
E00073821,51.4811218,-2.6106696
E00073822,51.48184,-2.6060394
E00073823,51.48178800000001,-2.6095032
E00073824,51.48271100000001,-2.6138046
E00073825,51.480215799999996,-2.6071524
E00073826,51.480158,-2.6130641999999997
E00073827,51.4796176,-2.6094370000000007
E00073828,51.4784504,-2.6143116
E00073829,51.479031,-2.6132738
E00073830,51.478391599999995,-2.6082685999999997
E00073831,51.47835,-2.6114132
E00073832,51.477405,-2.6109538
E00073833,51.4916248,-2.6000965999999996
E00073834,51.491579,-2.6055203999999996
E00073835,51.49159139999999,-2.6091974000000002
E00073836,51.48997860000001,-2.6133954000000004
E00073837,51.489389,-2.6086022
E00073838,51.4908108,-2.6036994
E00073839,51.48835799999999,-2.6041182000000003
E00073840,51.488744,-2.6000702
E00073841,51.489129000000005,-2.6059372
E00073842,51.489749800000006,-2.5960278
E00073843,51.488127199999994,-2.5940420000000004
E00073844,51.4866986,-2.6075293999999998
E00073845,51.4867214,-2.602774
E00073846,51.4833588,-2.6051406000000004
E00073847,51.487061,-2.610012
E00073848,51.483656800000006,-2.6000179999999995
E00074270,51.4155902,-2.5391622
E00074217,51.5001944,-2.604079
E00074322,51.482295,-2.6281632000000004
E00074425,51.4401104,-2.591836
E00074373,51.4046648,-2.5825854
E00074374,51.4046016,-2.5969606
E00074375,51.404337600000005,-2.6049074
E00074376,51.4048078,-2.5810026
E00074377,51.4039616,-2.5925534
E00074378,51.4041522,-2.57598
E00074379,51.4024788,-2.5777589999999995
E00074380,51.4026276,-2.5689944
E00074381,51.4043645,-2.572948
E00074382,51.4012556,-2.5741524
E00074383,51.403006600000005,-2.5904996000000002
E00074384,51.4033864,-2.6056166000000003
E00074385,51.4023314,-2.5963878
E00074386,51.403261199999996,-2.575854
E00074387,51.40206379999999,-2.6022038
E00074388,51.400982,-2.5705064
E00074389,51.401427,-2.5986392
E00074390,51.405962,-2.592506
E00074391,51.407865599999994,-2.594818
E00074392,51.40924640000001,-2.5966502
E00074393,51.407073000000004,-2.6016396
E00074394,51.40734200000001,-2.5997854
E00074395,51.408770000000004,-2.5990684
E00074396,51.4051642,-2.5712859999999997
E00074397,51.4063948,-2.5968348000000003
E00074398,51.406842,-2.5783428
E00074399,51.4378464,-2.5900686
E00074400,51.4361258,-2.5852584
E00074401,51.437702200000004,-2.5864933999999997
E00074402,51.4377654,-2.5939406000000003
E00074403,51.436607,-2.5954357999999997
E00074404,51.43717179999999,-2.5900886
E00074405,51.4364864,-2.5932458
E00074406,51.435385600000004,-2.5883309999999997
E00074407,51.43528319999999,-2.5918459999999994
E00074408,51.43404339999999,-2.5927334
E00074411,51.433884,-2.5966206
E00074412,51.4308788,-2.5983592
E00074413,51.4420478,-2.5740051999999998
E00074414,51.4441544,-2.580066
E00074415,51.441752599999994,-2.5827784
E00074416,51.44329739999999,-2.5821014
E00074417,51.443048,-2.5804468
E00074418,51.44378780000001,-2.5789017999999997
E00074419,51.442509599999994,-2.5820023999999995
E00074420,51.441677600000006,-2.5805238
E00074421,51.4420885,-2.5697444999999997
E00074422,51.4407896,-2.5787988
E00074423,51.440750200000004,-2.5709299999999997
E00074424,51.441796999999994,-2.5770722
E00074271,51.4122176,-2.5471284
E00074272,51.4176746,-2.553481
E00074273,51.420642799999996,-2.5529818
E00074274,51.4181746,-2.5512404
E00074275,51.4193722,-2.5592134
E00074276,51.418333200000006,-2.543822
E00074277,51.417536,-2.5558406000000007
E00074278,51.4165352,-2.5450030000000003
E00074279,51.415461400000005,-2.5587402
E00074280,51.4159664,-2.543515
E00074281,51.41577259999999,-2.535903
E00074282,51.414004,-2.5380422
E00074218,51.5026458,-2.6043734
E00074323,51.482328800000005,-2.6349768
E00074426,51.440624,-2.5724512
E00074283,51.4146886,-2.5440548
E00074284,51.41399025,-2.5402727499999997
E00074285,51.412938,-2.5427114000000004
E00074286,51.415039600000014,-2.5517119999999998
E00074287,51.4117702,-2.5509622
E00074288,51.4123096,-2.5565362
E00074289,51.41328880000001,-2.5364664
E00074290,51.4127062,-2.55374
E00074291,51.4107942,-2.5527734
E00074292,51.410866399999996,-2.5399950000000002
E00074293,51.409938,-2.5466353999999995
E00074294,51.4096474,-2.5514832
E00074295,51.410203,-2.5419226
E00074296,51.424582599999994,-2.5613080000000004
E00074297,51.4267292,-2.558849
E00074427,51.440642000000004,-2.5771588
E00074324,51.479685200000006,-2.6296468000000006
E00074219,51.5002206,-2.5951096000000002
E00074298,51.422353,-2.553727
E00074220,51.4985322,-2.59892
E00074221,51.49924480000001,-2.5974594
E00074222,51.4967982,-2.6004270000000003
E00074223,51.51348175,-2.59561875
E00074224,51.513985000000005,-2.5940407999999997
E00074299,51.421187249999996,-2.556803
E00074225,51.51328579999999,-2.5932996
E00074325,51.480843199999995,-2.6343714
E00074428,51.4400782,-2.5830798
E00074300,51.42273780000001,-2.5605490000000004
E00074301,51.48603800000001,-2.633162
E00074302,51.483818799999995,-2.6417316
E00074303,51.481426799999994,-2.6417410000000006
E00074304,51.47280919999999,-2.6387758
E00074306,51.478674,-2.6446544000000003
E00074307,51.47880740000001,-2.6336356000000003
E00074308,51.474740600000004,-2.6437044
E00074309,51.47678659999999,-2.6369448
E00074310,51.4758638,-2.6325842
E00074429,51.439540199999996,-2.5803876
E00074326,51.479436199999995,-2.6479375999999997
E00074226,51.512528999999994,-2.5971288
E00074311,51.4726412,-2.6403108000000004
E00074227,51.5086778,-2.6017851999999997
E00074327,51.484434799999995,-2.6195074
E00074430,51.4404398,-2.5753382
E00074312,51.47390800000001,-2.637135
E00074228,51.445793800000004,-2.6094136
E00074328,51.50060675,-2.6205404999999997
E00074431,51.439216,-2.5739036
E00074314,51.4730818,-2.6273096
E00074229,51.445480999999994,-2.5838408
E00074329,51.484170199999994,-2.6253132
E00074330,51.48246,-2.6215058
E00074331,51.486003600000004,-2.6200699999999997
E00074332,51.4855696,-2.6276165999999996
E00074333,51.50107319999999,-2.620456
E00074334,51.498128400000006,-2.6267143999999996
E00074335,51.498469,-2.6217949999999997
E00074336,51.49568380000001,-2.6169582
E00074337,51.49979900000001,-2.6188203999999997
E00074338,51.493300399999995,-2.6362732
E00074339,51.49588960000001,-2.6199190000000003
E00074340,51.4962714,-2.6036262
E00074341,51.4954762,-2.6018187999999998
E00074342,51.494903799999996,-2.6144954
E00074343,51.4950975,-2.6093012499999997
E00074344,51.49501239999999,-2.605733
E00074345,51.494252,-2.6315616000000004
E00074346,51.4937004,-2.618
E00074347,51.4932084,-2.6232336000000003
E00074348,51.49320575,-2.60868975
E00074349,51.49407,-2.619329
E00074350,51.49321619999999,-2.6115228
E00074351,51.49339199999999,-2.6057862
E00074352,51.49213540000001,-2.6140055999999996
E00074353,51.492158200000006,-2.6170093999999997
E00074354,51.4902702,-2.6177066
E00074355,51.490717399999994,-2.6199672
E00074356,51.4908756,-2.6240366
E00074357,51.4889262,-2.6253132
E00074358,51.489386,-2.6224038000000003
E00074359,51.4905226,-2.6348746000000003
E00074360,51.488173800000006,-2.6291934
E00074361,51.48672180000001,-2.6222892
E00074362,51.4861188,-2.6284334
E00074363,51.40647800000001,-2.5792096
E00074364,51.4028364,-2.6001696
E00074365,51.40271739999999,-2.5719972000000006
E00074366,51.40534399999999,-2.5852078
E00074367,51.4051244,-2.601614
E00074368,51.4066276,-2.5743668
E00074369,51.404454599999994,-2.5879592
E00074371,51.40352800000001,-2.5999632
E00074372,51.4051018,-2.5937152
E00074315,51.473203,-2.6337765999999996
E00074316,51.4737582,-2.6309048
E00074317,51.491012,-2.6386766
E00074318,51.488047200000004,-2.6353532
E00074319,51.488498400000005,-2.6406546
E00074320,51.485717799999996,-2.6410815999999997
E00074321,51.4815606,-2.6455765999999996
E00074230,51.444494399999996,-2.6083652
E00074231,51.44473075,-2.60144775
E00074232,51.444223199999996,-2.614249
E00074233,51.445099,-2.610819
E00074234,51.44438279999999,-2.6046107999999997
E00074235,51.442738399999996,-2.597874
E00074236,51.4449618,-2.5982271999999997
E00074237,51.4453438,-2.6015677999999998
E00074238,51.4446086,-2.614989
E00074240,51.4430256,-2.6179082
E00074241,51.443608,-2.6087235
E00074243,51.443797599999996,-2.6015500000000005
E00074244,51.441959399999995,-2.6032848
E00074245,51.442407333333335,-2.6072203333333337
E00074246,51.44352239999999,-2.6072122
E00074247,51.4426374,-2.6157252
E00074432,51.438641,-2.5949396
E00074248,51.4430144,-2.6042616
E00074433,51.4385002,-2.5891241999999997
E00074250,51.442533499999996,-2.61087825
E00074434,51.4392602,-2.593203
E00074251,51.4423015,-2.6099655
E00074435,51.438542,-2.5839694
E00074252,51.4414546,-2.6050186
E00074436,51.4379952,-2.5826066000000005
E00074253,51.4414716,-2.6117984
E00074437,51.4377695,-2.5970250000000004
E00074254,51.4411502,-2.6195434
E00074438,51.4370994,-2.580837
E00074255,51.440614499999995,-2.617989
E00074439,51.43854100000001,-2.5919716666666663
E00074256,51.440878999999995,-2.6135577999999997
E00074257,51.44113,-2.6062228
E00074258,51.44056379999999,-2.6088488
E00074259,51.44209539999999,-2.5999084
E00074260,51.440996399999996,-2.6169143999999998
E00074261,51.4394558,-2.6144963999999997
E00074262,51.4390408,-2.619803
E00074263,51.445741,-2.60443875
E00074264,51.44333459999999,-2.612867
E00074265,51.44507980000001,-2.6071096000000002
E00074266,51.4111126,-2.5438140000000002
E00074267,51.4170116,-2.5387418
E00074268,51.41495139999999,-2.5547996
E00074269,51.414482199999995,-2.5474545999999996
E00165771,51.452471200000005,-2.6097558
E00165772,51.4517315,-2.6097634999999997
E00174043,51.46024666666667,-2.5933170000000003
E00174044,51.465872000000005,-2.5801406
E00174046,51.45137580000001,-2.6043122
E00174053,51.4612558,-2.5829438000000002
E00174058,51.466288799999994,-2.5816574
E00174318,51.436634600000005,-2.6032412000000003
E00174257,51.4448455,-2.59048025
E00174319,51.457822,-2.56981
E00174320,51.467028,-2.536721
E00174321,51.457287199999996,-2.5829906
E00174322,51.45770175,-2.5804885
E00174323,51.484017800000004,-2.5375962000000003
E00174324,51.4551542,-2.5975324
E00174325,51.46027260000001,-2.5854698000000003
E00174326,51.4715066,-2.5595866000000003
E00174327,51.469820600000006,-2.5368588
E00174328,51.497896499999996,-2.573638
E00174329,51.49716975,-2.57471975
E00174331,51.481865,-2.6278924999999997
E00174332,51.479591400000004,-2.5783587999999997
E00174333,51.4782395,-2.5785460000000002
E00174259,51.510785600000006,-2.6074753999999998
E00174260,51.4720472,-2.5617726000000003
E00174262,51.448495,-2.5894526
E00174263,51.4440644,-2.5939164
E00174214,51.461960999999995,-2.5894472
E00174215,51.4618846,-2.5881428
E00174218,51.46061519999999,-2.5898648
E00174220,51.4612086,-2.622328
E00174221,51.449685666666674,-2.603066333333333
E00174225,51.454197,-2.5742306
E00174226,51.497798599999996,-2.5697874
E00174228,51.498402,-2.5710166
E00174229,51.432126600000004,-2.5966042
E00174231,51.4538044,-2.5944478
E00174232,51.45365880000001,-2.5779654
E00174234,51.4561362,-2.5799972
E00174237,51.496114,-2.5744366000000003
E00174239,51.4663288,-2.5691135999999997
E00174243,51.457527600000006,-2.588201
E00174245,51.4472662,-2.6086063999999998
E00174246,51.49782359999999,-2.5767488
E00174248,51.456952666666666,-2.5763483333333332
E00174249,51.4550024,-2.5826371999999997
E00174251,51.457085199999995,-2.5679885999999996
E00174253,51.4596016,-2.5781928
E00174254,51.4557648,-2.5651796
E00174256,51.450858999999994,-2.5906455999999998
E00174273,51.46515039999999,-2.5704000000000002
E00174275,51.461938999999994,-2.6250006
E00174276,51.4412032,-2.5988836
E00174277,51.45036259999999,-2.5913847999999997
E00174278,51.437301500000004,-2.6024747500000003
E00174279,51.465621799999994,-2.5899007999999997
E00174280,51.4679536,-2.5332435999999996
E00174281,51.476666,-2.5793413999999997
E00174282,51.4582946,-2.5749375999999997
E00174283,51.483231,-2.5359220000000002
E00174284,51.450371600000004,-2.6027616
E00174286,51.435987999999995,-2.6042416000000004
E00174287,51.45570479999999,-2.5808904000000004
E00174288,51.4504814,-2.5746644
E00174289,51.4655456,-2.5885698
E00174290,51.4553514,-2.564423
E00174291,51.4397828,-2.6033914
E00174292,51.4386324,-2.6019174
E00174293,51.454302799999994,-2.5948237999999995
E00174294,51.4559342,-2.590702
E00174295,51.4529398,-2.5941094
E00174296,51.453184799999995,-2.5965076
E00174298,51.456705,-2.5833572
E00174299,51.456926800000005,-2.5807963999999997
E00174300,51.452682,-2.5783470000000004
E00174302,51.4447174,-2.5926522000000003
E00174303,51.44066780000001,-2.5999723999999995
E00174304,51.439551800000004,-2.5991084
E00174305,51.464119000000004,-2.5705942
E00174306,51.499264600000004,-2.5737242
E00174307,51.453206,-2.6033205999999995
E00174309,51.4484608,-2.6054388
E00174311,51.46599,-2.5895293333333336
E00174312,51.4589582,-2.5968844
E00174313,51.5071574,-2.6089633999999995
E00174314,51.437920000000005,-2.60262475
E00174315,51.507398,-2.6114795
E00174316,51.45109720000001,-2.5869386
E00174317,51.444837,-2.591808
E00178074,51.4775122,-2.585339
E00178075,51.447774800000005,-2.603427
E00178076,51.452209,-2.5900788
E00178077,51.473915500000004,-2.6285395
E00178078,51.45521325,-2.56154175
E00178079,51.448781800000006,-2.5944814000000003
E00178080,51.4464976,-2.5919184
E00178081,51.454417,-2.588975
E00178082,51.4435308,-2.5640387999999996
E00178083,51.46229320000001,-2.5859798
E00178084,51.415194,-2.601792
E00178085,51.44213179999999,-2.5969480000000003
E00178086,51.4489234,-2.6080815999999998
E00178087,51.463871600000004,-2.5864116
E00178088,51.446801,-2.5929956666666665
E00178089,51.4636796,-2.5824474000000004
E00178090,51.461314800000004,-2.5867642
E00178091,51.456968800000006,-2.551406
E00178092,51.479159,-2.533472
E00178093,51.450121,-2.604022
E00178094,51.4774704,-2.5354164
E00178095,51.49518225,-2.559736
E00178096,51.45536860000001,-2.6042411999999997
E00178097,51.44685066666667,-2.593984
E00178098,51.4941256,-2.5880498
E00178099,51.4422372,-2.6275774
E00178100,51.476863333333334,-2.5813083333333338
E00178101,51.4604248,-2.5868804
E00178102,51.493466749999996,-2.561875
E00178103,51.477489750000004,-2.583002
E00178104,51.422650250000004,-2.581378
E00178105,51.4485885,-2.61104525
E00178106,51.475237400000005,-2.6270434000000003
E00178107,51.4846176,-2.529072
E00178108,51.485582799999996,-2.5300047999999995
E00178109,51.449531,-2.603971
E00178110,51.41491533333333,-2.599781333333333
E00178111,51.4589204,-2.6076938
E00178112,51.4497292,-2.6049966
E00178113,51.506934,-2.5968484
E00178114,51.4569668,-2.59504
E00178115,51.4467154,-2.5979523999999996
E00178116,51.4628065,-2.5828059999999997
E00178117,51.44327080000001,-2.5938154
E00178118,51.4215058,-2.5827942
E00178119,51.405500200000006,-2.5870095999999996
E00178043,51.450650399999994,-2.5941232
E00178044,51.459638,-2.5922698
E00178045,51.4606862,-2.5932602000000005
E00178046,51.4528996,-2.5995172
E00178047,51.4474476,-2.61964
E00178048,51.45364325,-2.588516
E00178049,51.4523616,-2.5792416
E00178050,51.4548632,-2.562474
E00178051,51.4087764,-2.5926678
E00178052,51.47889025,-2.58041275
E00178053,51.47904275,-2.581926
E00178054,51.4627224,-2.5864286
E00178055,51.4500905,-2.605417
E00178056,51.4564932,-2.5956438000000004
E00178057,51.49548719999999,-2.5566676
E00178058,51.45360259999999,-2.590131
E00178059,51.45289419999999,-2.5797368
E00178060,51.447035199999995,-2.5999782
E00178061,51.44234125,-2.6237895
E00178062,51.50781925,-2.59470925
E00178063,51.476637000000004,-2.624209
E00178064,51.4793374,-2.6250916
E00178065,51.49367975,-2.58616075
E00178066,51.456745999999995,-2.6059691999999997
E00178067,51.455967,-2.5528534
E00178068,51.482791,-2.5296073333333333
E00178069,51.444200499999994,-2.56460625
E00178070,51.41664340000001,-2.6094188000000003
E00178071,51.495016,-2.5857686666666666
E00178072,51.4531474,-2.5869248
E00178073,51.451764,-2.5898052499999995
