Home Cluster OA Code,Work Cluster OA Code,Commuter Count
E00072718,E00072718,2
E00072718,E00072744,2
E00072718,E00073211,2
E00072718,E00073279,13
E00072718,E00073292,5
E00072718,E00073353,3
E00072718,E00073384,6
E00072718,E00073417,4
E00072718,E00073590,3
E00072718,E00073619,4
E00072718,E00073629,2
E00072718,E00073864,2
E00072718,E00074081,11
E00072718,E00074196,3
E00072718,E00074279,1
E00072718,E00074431,1
E00072718,E00075041,2
E00072718,E00075157,3
E00072718,E00075202,3
E00072718,E00075278,1
E00072718,E00075511,1
E00072718,E00075604,3
E00072718,E00075641,1
E00072718,E00075692,1
E00072718,E00075812,3
E00072718,E00075818,5
E00072718,E00174278,7
E00072718,E00174300,2
E00072744,E00072744,9
E00072744,E00073211,8
E00072744,E00073214,2
E00072744,E00073279,56
E00072744,E00073292,46
E00072744,E00073353,30
E00072744,E00073384,31
E00072744,E00073394,8
E00072744,E00073417,14
E00072744,E00073481,10
E00072744,E00073590,11
E00072744,E00073619,4
E00072744,E00073629,35
E00072744,E00073647,2
E00072744,E00073864,26
E00072744,E00074081,31
E00072744,E00074196,8
E00072744,E00074279,9
E00072744,E00074431,12
E00072744,E00074694,3
E00072744,E00075041,9
E00072744,E00075157,9
E00072744,E00075202,49
E00072744,E00075278,4
E00072744,E00075339,4
E00072744,E00075511,26
E00072744,E00075519,3
E00072744,E00075604,29
E00072744,E00075615,17
E00072744,E00075641,15
E00072744,E00075692,15
E00072744,E00075812,8
E00072744,E00075818,23
E00072744,E00174278,87
E00072744,E00174300,27
E00073211,E00072718,4
E00073211,E00072744,13
E00073211,E00073211,191
E00073211,E00073214,87
E00073211,E00073279,358
E00073211,E00073292,285
E00073211,E00073353,343
E00073211,E00073384,179
E00073211,E00073394,51
E00073211,E00073417,121
E00073211,E00073481,102
E00073211,E00073590,73
E00073211,E00073619,158
E00073211,E00073629,181
E00073211,E00073647,31
E00073211,E00073819,1
E00073211,E00073864,426
E00073211,E00074081,263
E00073211,E00074196,111
E00073211,E00074279,33
E00073211,E00074431,74
E00073211,E00074694,59
E00073211,E00075041,66
E00073211,E00075157,68
E00073211,E00075202,467
E00073211,E00075278,88
E00073211,E00075287,31
E00073211,E00075339,66
E00073211,E00075511,122
E00073211,E00075519,27
E00073211,E00075604,214
E00073211,E00075615,99
E00073211,E00075641,145
E00073211,E00075692,144
E00073211,E00075812,31
E00073211,E00075818,175
E00073211,E00174278,611
E00073211,E00174300,129
E00073214,E00072718,2
E00073214,E00073211,30
E00073214,E00073214,22
E00073214,E00073279,50
E00073214,E00073292,47
E00073214,E00073353,64
E00073214,E00073384,42
E00073214,E00073394,10
E00073214,E00073417,16
E00073214,E00073481,12
E00073214,E00073590,12
E00073214,E00073619,17
E00073214,E00073629,39
E00073214,E00073647,2
E00073214,E00073864,75
E00073214,E00074081,35
E00073214,E00074196,20
E00073214,E00074279,7
E00073214,E00074431,13
E00073214,E00074694,9
E00073214,E00075041,9
E00073214,E00075157,9
E00073214,E00075202,93
E00073214,E00075278,10
E00073214,E00075287,3
E00073214,E00075339,14
E00073214,E00075511,21
E00073214,E00075519,5
E00073214,E00075604,17
E00073214,E00075615,25
E00073214,E00075641,30
E00073214,E00075692,22
E00073214,E00075812,5
E00073214,E00075818,24
E00073214,E00174278,117
E00073214,E00174300,23
E00073279,E00072718,24
E00073279,E00072744,52
E00073279,E00073211,209
E00073279,E00073214,51
E00073279,E00073279,2521
E00073279,E00073292,1631
E00073279,E00073353,990
E00073279,E00073384,1060
E00073279,E00073394,332
E00073279,E00073417,375
E00073279,E00073481,491
E00073279,E00073590,417
E00073279,E00073619,260
E00073279,E00073629,926
E00073279,E00073647,89
E00073279,E00073819,7
E00073279,E00073864,1292
E00073279,E00074081,1253
E00073279,E00074196,643
E00073279,E00074279,181
E00073279,E00074431,461
E00073279,E00074694,161
E00073279,E00075041,196
E00073279,E00075157,288
E00073279,E00075202,2019
E00073279,E00075278,304
E00073279,E00075287,159
E00073279,E00075339,398
E00073279,E00075511,708
E00073279,E00075519,152
E00073279,E00075604,1086
E00073279,E00075615,591
E00073279,E00075641,873
E00073279,E00075692,605
E00073279,E00075812,277
E00073279,E00075818,886
E00073279,E00174278,2775
E00073279,E00174300,821
E00073292,E00072718,3
E00073292,E00072744,33
E00073292,E00073211,51
E00073292,E00073214,13
E00073292,E00073279,810
E00073292,E00073292,779
E00073292,E00073353,415
E00073292,E00073384,376
E00073292,E00073394,180
E00073292,E00073417,151
E00073292,E00073481,177
E00073292,E00073590,146
E00073292,E00073619,74
E00073292,E00073629,395
E00073292,E00073647,44
E00073292,E00073819,5
E00073292,E00073864,481
E00073292,E00074081,372
E00073292,E00074196,188
E00073292,E00074279,64
E00073292,E00074431,186
E00073292,E00074694,57
E00073292,E00075041,74
E00073292,E00075157,110
E00073292,E00075202,676
E00073292,E00075278,129
E00073292,E00075287,34
E00073292,E00075339,136
E00073292,E00075511,266
E00073292,E00075519,25
E00073292,E00075604,396
E00073292,E00075615,200
E00073292,E00075641,231
E00073292,E00075692,180
E00073292,E00075812,66
E00073292,E00075818,313
E00073292,E00174278,1170
E00073292,E00174300,314
E00073353,E00072718,5
E00073353,E00072744,12
E00073353,E00073211,54
E00073353,E00073214,5
E00073353,E00073279,328
E00073353,E00073292,239
E00073353,E00073353,356
E00073353,E00073384,189
E00073353,E00073394,61
E00073353,E00073417,72
E00073353,E00073481,69
E00073353,E00073590,94
E00073353,E00073619,63
E00073353,E00073629,190
E00073353,E00073647,19
E00073353,E00073864,270
E00073353,E00074081,207
E00073353,E00074196,77
E00073353,E00074279,23
E00073353,E00074431,90
E00073353,E00074694,34
E00073353,E00075041,26
E00073353,E00075157,57
E00073353,E00075202,332
E00073353,E00075278,40
E00073353,E00075287,20
E00073353,E00075339,67
E00073353,E00075511,98
E00073353,E00075519,15
E00073353,E00075604,194
E00073353,E00075615,103
E00073353,E00075641,174
E00073353,E00075692,107
E00073353,E00075812,46
E00073353,E00075818,161
E00073353,E00174278,554
E00073353,E00174300,130
E00073384,E00072718,11
E00073384,E00072744,48
E00073384,E00073211,133
E00073384,E00073214,46
E00073384,E00073279,1460
E00073384,E00073292,1173
E00073384,E00073353,742
E00073384,E00073384,1043
E00073384,E00073394,321
E00073384,E00073417,293
E00073384,E00073481,459
E00073384,E00073590,389
E00073384,E00073619,154
E00073384,E00073629,789
E00073384,E00073647,92
E00073384,E00073819,4
E00073384,E00073864,947
E00073384,E00074081,783
E00073384,E00074196,360
E00073384,E00074279,120
E00073384,E00074431,383
E00073384,E00074694,101
E00073384,E00075041,158
E00073384,E00075157,168
E00073384,E00075202,1216
E00073384,E00075278,197
E00073384,E00075287,56
E00073384,E00075339,230
E00073384,E00075511,472
E00073384,E00075519,68
E00073384,E00075604,822
E00073384,E00075615,405
E00073384,E00075641,572
E00073384,E00075692,388
E00073384,E00075812,182
E00073384,E00075818,630
E00073384,E00174278,2464
E00073384,E00174300,739
E00073394,E00072718,1
E00073394,E00072744,6
E00073394,E00073211,16
E00073394,E00073214,5
E00073394,E00073279,163
E00073394,E00073292,133
E00073394,E00073353,96
E00073394,E00073384,123
E00073394,E00073394,86
E00073394,E00073417,24
E00073394,E00073481,60
E00073394,E00073590,47
E00073394,E00073619,21
E00073394,E00073629,98
E00073394,E00073647,5
E00073394,E00073864,108
E00073394,E00074081,79
E00073394,E00074196,32
E00073394,E00074279,19
E00073394,E00074431,42
E00073394,E00074694,7
E00073394,E00075041,10
E00073394,E00075157,24
E00073394,E00075202,126
E00073394,E00075278,24
E00073394,E00075287,4
E00073394,E00075339,22
E00073394,E00075511,40
E00073394,E00075519,10
E00073394,E00075604,64
E00073394,E00075615,34
E00073394,E00075641,67
E00073394,E00075692,34
E00073394,E00075812,20
E00073394,E00075818,59
E00073394,E00174278,320
E00073394,E00174300,97
E00073417,E00072718,5
E00073417,E00072744,11
E00073417,E00073211,32
E00073417,E00073214,18
E00073417,E00073279,520
E00073417,E00073292,368
E00073417,E00073353,183
E00073417,E00073384,290
E00073417,E00073394,75
E00073417,E00073417,159
E00073417,E00073481,150
E00073417,E00073590,150
E00073417,E00073619,49
E00073417,E00073629,234
E00073417,E00073647,25
E00073417,E00073819,1
E00073417,E00073864,368
E00073417,E00074081,274
E00073417,E00074196,96
E00073417,E00074279,29
E00073417,E00074431,106
E00073417,E00074694,31
E00073417,E00075041,57
E00073417,E00075157,74
E00073417,E00075202,368
E00073417,E00075278,57
E00073417,E00075287,21
E00073417,E00075339,77
E00073417,E00075511,176
E00073417,E00075519,32
E00073417,E00075604,231
E00073417,E00075615,123
E00073417,E00075641,248
E00073417,E00075692,102
E00073417,E00075812,118
E00073417,E00075818,237
E00073417,E00174278,754
E00073417,E00174300,219
E00073481,E00072718,4
E00073481,E00072744,28
E00073481,E00073211,69
E00073481,E00073214,12
E00073481,E00073279,728
E00073481,E00073292,573
E00073481,E00073353,323
E00073481,E00073384,463
E00073481,E00073394,160
E00073481,E00073417,157
E00073481,E00073481,299
E00073481,E00073590,143
E00073481,E00073619,51
E00073481,E00073629,369
E00073481,E00073647,50
E00073481,E00073819,3
E00073481,E00073864,412
E00073481,E00074081,395
E00073481,E00074196,185
E00073481,E00074279,66
E00073481,E00074431,170
E00073481,E00074694,69
E00073481,E00075041,84
E00073481,E00075157,85
E00073481,E00075202,534
E00073481,E00075278,77
E00073481,E00075287,35
E00073481,E00075339,124
E00073481,E00075511,210
E00073481,E00075519,45
E00073481,E00075604,391
E00073481,E00075615,150
E00073481,E00075641,199
E00073481,E00075692,152
E00073481,E00075812,80
E00073481,E00075818,258
E00073481,E00174278,1154
E00073481,E00174300,361
E00073590,E00072718,1
E00073590,E00072744,10
E00073590,E00073211,13
E00073590,E00073214,3
E00073590,E00073279,212
E00073590,E00073292,189
E00073590,E00073353,154
E00073590,E00073384,105
E00073590,E00073394,62
E00073590,E00073417,55
E00073590,E00073481,51
E00073590,E00073590,133
E00073590,E00073619,20
E00073590,E00073629,143
E00073590,E00073647,11
E00073590,E00073864,172
E00073590,E00074081,103
E00073590,E00074196,52
E00073590,E00074279,14
E00073590,E00074431,71
E00073590,E00074694,13
E00073590,E00075041,10
E00073590,E00075157,32
E00073590,E00075202,145
E00073590,E00075278,28
E00073590,E00075287,15
E00073590,E00075339,56
E00073590,E00075511,86
E00073590,E00075519,7
E00073590,E00075604,115
E00073590,E00075615,85
E00073590,E00075641,88
E00073590,E00075692,54
E00073590,E00075812,32
E00073590,E00075818,108
E00073590,E00174278,342
E00073590,E00174300,102
E00073619,E00072744,1
E00073619,E00073211,18
E00073619,E00073214,10
E00073619,E00073279,77
E00073619,E00073292,45
E00073619,E00073353,44
E00073619,E00073384,47
E00073619,E00073394,9
E00073619,E00073417,22
E00073619,E00073481,16
E00073619,E00073590,15
E00073619,E00073619,55
E00073619,E00073629,32
E00073619,E00073647,3
E00073619,E00073864,67
E00073619,E00074081,49
E00073619,E00074196,17
E00073619,E00074279,6
E00073619,E00074431,21
E00073619,E00074694,8
E00073619,E00075041,6
E00073619,E00075157,13
E00073619,E00075202,59
E00073619,E00075278,14
E00073619,E00075287,3
E00073619,E00075339,13
E00073619,E00075511,18
E00073619,E00075519,1
E00073619,E00075604,42
E00073619,E00075615,15
E00073619,E00075641,26
E00073619,E00075692,23
E00073619,E00075812,4
E00073619,E00075818,31
E00073619,E00174278,103
E00073619,E00174300,28
E00073629,E00072718,6
E00073629,E00072744,23
E00073629,E00073211,79
E00073629,E00073214,32
E00073629,E00073279,844
E00073629,E00073292,651
E00073629,E00073353,405
E00073629,E00073384,506
E00073629,E00073394,172
E00073629,E00073417,146
E00073629,E00073481,231
E00073629,E00073590,179
E00073629,E00073619,74
E00073629,E00073629,576
E00073629,E00073647,59
E00073629,E00073819,5
E00073629,E00073864,481
E00073629,E00074081,413
E00073629,E00074196,227
E00073629,E00074279,67
E00073629,E00074431,214
E00073629,E00074694,54
E00073629,E00075041,101
E00073629,E00075157,83
E00073629,E00075202,637
E00073629,E00075278,87
E00073629,E00075287,50
E00073629,E00075339,147
E00073629,E00075511,275
E00073629,E00075519,47
E00073629,E00075604,412
E00073629,E00075615,205
E00073629,E00075641,278
E00073629,E00075692,225
E00073629,E00075812,91
E00073629,E00075818,318
E00073629,E00174278,1337
E00073629,E00174300,408
E00073647,E00072718,2
E00073647,E00072744,4
E00073647,E00073211,20
E00073647,E00073214,4
E00073647,E00073279,263
E00073647,E00073292,179
E00073647,E00073353,134
E00073647,E00073384,152
E00073647,E00073394,42
E00073647,E00073417,49
E00073647,E00073481,84
E00073647,E00073590,52
E00073647,E00073619,27
E00073647,E00073629,167
E00073647,E00073647,35
E00073647,E00073819,1
E00073647,E00073864,157
E00073647,E00074081,132
E00073647,E00074196,57
E00073647,E00074279,13
E00073647,E00074431,65
E00073647,E00074694,26
E00073647,E00075041,30
E00073647,E00075157,25
E00073647,E00075202,184
E00073647,E00075278,45
E00073647,E00075287,9
E00073647,E00075339,33
E00073647,E00075511,84
E00073647,E00075519,18
E00073647,E00075604,144
E00073647,E00075615,55
E00073647,E00075641,73
E00073647,E00075692,63
E00073647,E00075812,17
E00073647,E00075818,78
E00073647,E00174278,430
E00073647,E00174300,117
E00073819,E00073211,1
E00073819,E00073279,4
E00073819,E00073292,2
E00073819,E00073384,5
E00073819,E00073481,1
E00073819,E00073590,1
E00073819,E00073629,1
E00073819,E00073864,1
E00073819,E00074081,1
E00073819,E00074196,1
E00073819,E00074694,1
E00073819,E00075202,3
E00073819,E00075278,1
E00073819,E00075339,1
E00073819,E00075604,3
E00073819,E00075615,2
E00073819,E00075692,2
E00073819,E00075818,2
E00073819,E00174278,4
E00073864,E00072718,2
E00073864,E00072744,39
E00073864,E00073211,68
E00073864,E00073214,26
E00073864,E00073279,881
E00073864,E00073292,552
E00073864,E00073353,470
E00073864,E00073384,440
E00073864,E00073394,153
E00073864,E00073417,168
E00073864,E00073481,179
E00073864,E00073590,261
E00073864,E00073619,108
E00073864,E00073629,423
E00073864,E00073647,49
E00073864,E00073819,3
E00073864,E00073864,888
E00073864,E00074081,437
E00073864,E00074196,194
E00073864,E00074279,75
E00073864,E00074431,205
E00073864,E00074694,56
E00073864,E00075041,91
E00073864,E00075157,124
E00073864,E00075202,737
E00073864,E00075278,134
E00073864,E00075287,55
E00073864,E00075339,175
E00073864,E00075511,328
E00073864,E00075519,38
E00073864,E00075604,434
E00073864,E00075615,272
E00073864,E00075641,427
E00073864,E00075692,230
E00073864,E00075812,139
E00073864,E00075818,465
E00073864,E00174278,1290
E00073864,E00174300,365
E00074081,E00072718,15
E00074081,E00072744,30
E00074081,E00073211,38
E00074081,E00073214,9
E00074081,E00073279,363
E00074081,E00073292,239
E00074081,E00073353,151
E00074081,E00073384,165
E00074081,E00073394,30
E00074081,E00073417,86
E00074081,E00073481,76
E00074081,E00073590,73
E00074081,E00073619,41
E00074081,E00073629,125
E00074081,E00073647,7
E00074081,E00073819,2
E00074081,E00073864,187
E00074081,E00074081,307
E00074081,E00074196,96
E00074081,E00074279,36
E00074081,E00074431,64
E00074081,E00074694,22
E00074081,E00075041,41
E00074081,E00075157,43
E00074081,E00075202,268
E00074081,E00075278,46
E00074081,E00075287,16
E00074081,E00075339,55
E00074081,E00075511,115
E00074081,E00075519,20
E00074081,E00075604,130
E00074081,E00075615,81
E00074081,E00075641,137
E00074081,E00075692,76
E00074081,E00075812,48
E00074081,E00075818,138
E00074081,E00174278,489
E00074081,E00174300,115
E00074196,E00072718,1
E00074196,E00072744,6
E00074196,E00073211,25
E00074196,E00073214,9
E00074196,E00073279,356
E00074196,E00073292,218
E00074196,E00073353,164
E00074196,E00073384,198
E00074196,E00073394,50
E00074196,E00073417,73
E00074196,E00073481,71
E00074196,E00073590,79
E00074196,E00073619,47
E00074196,E00073629,128
E00074196,E00073647,22
E00074196,E00073864,221
E00074196,E00074081,157
E00074196,E00074196,181
E00074196,E00074279,33
E00074196,E00074431,86
E00074196,E00074694,27
E00074196,E00075041,36
E00074196,E00075157,39
E00074196,E00075202,236
E00074196,E00075278,60
E00074196,E00075287,18
E00074196,E00075339,65
E00074196,E00075511,118
E00074196,E00075519,19
E00074196,E00075604,167
E00074196,E00075615,120
E00074196,E00075641,104
E00074196,E00075692,78
E00074196,E00075812,55
E00074196,E00075818,140
E00074196,E00174278,419
E00074196,E00174300,149
E00074279,E00072744,2
E00074279,E00073214,1
E00074279,E00073279,26
E00074279,E00073292,43
E00074279,E00073353,23
E00074279,E00073384,18
E00074279,E00073394,1
E00074279,E00073417,4
E00074279,E00073481,11
E00074279,E00073590,4
E00074279,E00073619,4
E00074279,E00073629,16
E00074279,E00073647,2
E00074279,E00073864,14
E00074279,E00074081,17
E00074279,E00074196,10
E00074279,E00074279,24
E00074279,E00074431,11
E00074279,E00075041,3
E00074279,E00075157,7
E00074279,E00075202,20
E00074279,E00075278,2
E00074279,E00075287,3
E00074279,E00075339,7
E00074279,E00075511,9
E00074279,E00075519,2
E00074279,E00075604,11
E00074279,E00075615,14
E00074279,E00075641,18
E00074279,E00075692,8
E00074279,E00075812,3
E00074279,E00075818,11
E00074279,E00174278,65
E00074279,E00174300,17
E00074431,E00072718,1
E00074431,E00072744,9
E00074431,E00073211,41
E00074431,E00073214,17
E00074431,E00073279,561
E00074431,E00073292,444
E00074431,E00073353,221
E00074431,E00073384,318
E00074431,E00073394,117
E00074431,E00073417,127
E00074431,E00073481,168
E00074431,E00073590,121
E00074431,E00073619,40
E00074431,E00073629,314
E00074431,E00073647,29
E00074431,E00073819,1
E00074431,E00073864,356
E00074431,E00074081,253
E00074431,E00074196,99
E00074431,E00074279,49
E00074431,E00074431,187
E00074431,E00074694,37
E00074431,E00075041,55
E00074431,E00075157,89
E00074431,E00075202,423
E00074431,E00075278,77
E00074431,E00075287,19
E00074431,E00075339,96
E00074431,E00075511,164
E00074431,E00075519,27
E00074431,E00075604,257
E00074431,E00075615,142
E00074431,E00075641,183
E00074431,E00075692,130
E00074431,E00075812,75
E00074431,E00075818,231
E00074431,E00174278,903
E00074431,E00174300,309
E00074694,E00072744,3
E00074694,E00073211,28
E00074694,E00073214,15
E00074694,E00073279,154
E00074694,E00073292,112
E00074694,E00073353,115
E00074694,E00073384,78
E00074694,E00073394,26
E00074694,E00073417,86
E00074694,E00073481,36
E00074694,E00073590,30
E00074694,E00073619,38
E00074694,E00073629,68
E00074694,E00073647,9
E00074694,E00073864,103
E00074694,E00074081,111
E00074694,E00074196,33
E00074694,E00074279,14
E00074694,E00074431,30
E00074694,E00074694,190
E00074694,E00075041,26
E00074694,E00075157,15
E00074694,E00075202,173
E00074694,E00075278,21
E00074694,E00075287,9
E00074694,E00075339,23
E00074694,E00075511,39
E00074694,E00075519,29
E00074694,E00075604,72
E00074694,E00075615,42
E00074694,E00075641,50
E00074694,E00075692,52
E00074694,E00075812,12
E00074694,E00075818,107
E00074694,E00174278,214
E00074694,E00174300,57
E00075041,E00072744,8
E00075041,E00073211,13
E00075041,E00073214,4
E00075041,E00073279,203
E00075041,E00073292,146
E00075041,E00073353,70
E00075041,E00073384,96
E00075041,E00073394,49
E00075041,E00073417,35
E00075041,E00073481,44
E00075041,E00073590,33
E00075041,E00073619,11
E00075041,E00073629,86
E00075041,E00073647,17
E00075041,E00073864,121
E00075041,E00074081,91
E00075041,E00074196,41
E00075041,E00074279,11
E00075041,E00074431,34
E00075041,E00074694,12
E00075041,E00075041,33
E00075041,E00075157,23
E00075041,E00075202,173
E00075041,E00075278,34
E00075041,E00075287,9
E00075041,E00075339,36
E00075041,E00075511,65
E00075041,E00075519,14
E00075041,E00075604,97
E00075041,E00075615,38
E00075041,E00075641,55
E00075041,E00075692,35
E00075041,E00075812,23
E00075041,E00075818,58
E00075041,E00174278,307
E00075041,E00174300,67
E00075157,E00072718,3
E00075157,E00072744,8
E00075157,E00073211,32
E00075157,E00073214,12
E00075157,E00073279,572
E00075157,E00073292,378
E00075157,E00073353,287
E00075157,E00073384,257
E00075157,E00073394,75
E00075157,E00073417,110
E00075157,E00073481,135
E00075157,E00073590,100
E00075157,E00073619,36
E00075157,E00073629,297
E00075157,E00073647,37
E00075157,E00073819,2
E00075157,E00073864,409
E00075157,E00074081,354
E00075157,E00074196,265
E00075157,E00074279,53
E00075157,E00074431,115
E00075157,E00074694,52
E00075157,E00075041,43
E00075157,E00075157,170
E00075157,E00075202,770
E00075157,E00075278,108
E00075157,E00075287,62
E00075157,E00075339,85
E00075157,E00075511,239
E00075157,E00075519,44
E00075157,E00075604,325
E00075157,E00075615,178
E00075157,E00075641,278
E00075157,E00075692,267
E00075157,E00075812,124
E00075157,E00075818,337
E00075157,E00174278,738
E00075157,E00174300,242
E00075202,E00072718,1
E00075202,E00072744,31
E00075202,E00073211,53
E00075202,E00073214,18
E00075202,E00073279,834
E00075202,E00073292,539
E00075202,E00073353,477
E00075202,E00073384,376
E00075202,E00073394,108
E00075202,E00073417,136
E00075202,E00073481,187
E00075202,E00073590,194
E00075202,E00073619,81
E00075202,E00073629,385
E00075202,E00073647,36
E00075202,E00073819,2
E00075202,E00073864,528
E00075202,E00074081,442
E00075202,E00074196,180
E00075202,E00074279,72
E00075202,E00074431,195
E00075202,E00074694,79
E00075202,E00075041,52
E00075202,E00075157,126
E00075202,E00075202,1215
E00075202,E00075278,166
E00075202,E00075287,89
E00075202,E00075339,125
E00075202,E00075511,301
E00075202,E00075519,85
E00075202,E00075604,494
E00075202,E00075615,324
E00075202,E00075641,400
E00075202,E00075692,304
E00075202,E00075812,161
E00075202,E00075818,387
E00075202,E00174278,1128
E00075202,E00174300,315
E00075278,E00072744,2
E00075278,E00073211,6
E00075278,E00073214,3
E00075278,E00073279,122
E00075278,E00073292,67
E00075278,E00073353,42
E00075278,E00073384,39
E00075278,E00073394,20
E00075278,E00073417,22
E00075278,E00073481,30
E00075278,E00073590,36
E00075278,E00073619,10
E00075278,E00073629,57
E00075278,E00073647,4
E00075278,E00073864,104
E00075278,E00074081,61
E00075278,E00074196,31
E00075278,E00074279,14
E00075278,E00074431,25
E00075278,E00074694,10
E00075278,E00075041,7
E00075278,E00075157,14
E00075278,E00075202,108
E00075278,E00075278,81
E00075278,E00075287,16
E00075278,E00075339,13
E00075278,E00075511,40
E00075278,E00075519,6
E00075278,E00075604,60
E00075278,E00075615,54
E00075278,E00075641,76
E00075278,E00075692,26
E00075278,E00075812,23
E00075278,E00075818,75
E00075278,E00174278,125
E00075278,E00174300,43
E00075287,E00073279,20
E00075287,E00073292,4
E00075287,E00073353,7
E00075287,E00073384,6
E00075287,E00073394,3
E00075287,E00073417,3
E00075287,E00073481,3
E00075287,E00073590,2
E00075287,E00073619,2
E00075287,E00073629,12
E00075287,E00073647,1
E00075287,E00073864,13
E00075287,E00074081,13
E00075287,E00074196,4
E00075287,E00074279,3
E00075287,E00074431,5
E00075287,E00074694,2
E00075287,E00075041,2
E00075287,E00075157,1
E00075287,E00075202,39
E00075287,E00075278,6
E00075287,E00075287,17
E00075287,E00075339,1
E00075287,E00075511,5
E00075287,E00075519,1
E00075287,E00075604,15
E00075287,E00075615,4
E00075287,E00075641,17
E00075287,E00075692,8
E00075287,E00075812,5
E00075287,E00075818,11
E00075287,E00174278,20
E00075287,E00174300,9
E00075339,E00072744,4
E00075339,E00073211,13
E00075339,E00073214,7
E00075339,E00073279,156
E00075339,E00073292,123
E00075339,E00073353,89
E00075339,E00073384,85
E00075339,E00073394,18
E00075339,E00073417,22
E00075339,E00073481,40
E00075339,E00073590,24
E00075339,E00073619,17
E00075339,E00073629,69
E00075339,E00073647,4
E00075339,E00073864,93
E00075339,E00074081,95
E00075339,E00074196,50
E00075339,E00074279,16
E00075339,E00074431,53
E00075339,E00074694,13
E00075339,E00075041,19
E00075339,E00075157,24
E00075339,E00075202,161
E00075339,E00075278,22
E00075339,E00075287,9
E00075339,E00075339,62
E00075339,E00075511,59
E00075339,E00075519,10
E00075339,E00075604,74
E00075339,E00075615,36
E00075339,E00075641,58
E00075339,E00075692,39
E00075339,E00075812,18
E00075339,E00075818,71
E00075339,E00174278,197
E00075339,E00174300,56
E00075511,E00072718,2
E00075511,E00072744,11
E00075511,E00073211,30
E00075511,E00073214,18
E00075511,E00073279,642
E00075511,E00073292,427
E00075511,E00073353,369
E00075511,E00073384,328
E00075511,E00073394,83
E00075511,E00073417,139
E00075511,E00073481,178
E00075511,E00073590,140
E00075511,E00073619,52
E00075511,E00073629,313
E00075511,E00073647,33
E00075511,E00073819,4
E00075511,E00073864,436
E00075511,E00074081,383
E00075511,E00074196,146
E00075511,E00074279,57
E00075511,E00074431,148
E00075511,E00074694,63
E00075511,E00075041,45
E00075511,E00075157,112
E00075511,E00075202,912
E00075511,E00075278,113
E00075511,E00075287,75
E00075511,E00075339,133
E00075511,E00075511,371
E00075511,E00075519,50
E00075511,E00075604,306
E00075511,E00075615,186
E00075511,E00075641,335
E00075511,E00075692,205
E00075511,E00075812,141
E00075511,E00075818,331
E00075511,E00174278,894
E00075511,E00174300,278
E00075519,E00072744,1
E00075519,E00073211,3
E00075519,E00073214,3
E00075519,E00073279,23
E00075519,E00073292,31
E00075519,E00073353,9
E00075519,E00073384,12
E00075519,E00073394,4
E00075519,E00073417,6
E00075519,E00073481,3
E00075519,E00073590,5
E00075519,E00073619,4
E00075519,E00073629,11
E00075519,E00073647,1
E00075519,E00073864,18
E00075519,E00074081,20
E00075519,E00074196,1
E00075519,E00074279,1
E00075519,E00074431,3
E00075519,E00074694,6
E00075519,E00075041,3
E00075519,E00075157,6
E00075519,E00075202,21
E00075519,E00075278,1
E00075519,E00075287,2
E00075519,E00075339,5
E00075519,E00075511,9
E00075519,E00075519,21
E00075519,E00075604,12
E00075519,E00075615,10
E00075519,E00075641,6
E00075519,E00075692,8
E00075519,E00075812,5
E00075519,E00075818,7
E00075519,E00174278,35
E00075519,E00174300,9
E00075604,E00072718,1
E00075604,E00072744,9
E00075604,E00073211,31
E00075604,E00073214,14
E00075604,E00073279,417
E00075604,E00073292,289
E00075604,E00073353,182
E00075604,E00073384,232
E00075604,E00073394,80
E00075604,E00073417,79
E00075604,E00073481,157
E00075604,E00073590,111
E00075604,E00073619,61
E00075604,E00073629,269
E00075604,E00073647,16
E00075604,E00073819,4
E00075604,E00073864,256
E00075604,E00074081,257
E00075604,E00074196,100
E00075604,E00074279,38
E00075604,E00074431,106
E00075604,E00074694,33
E00075604,E00075041,43
E00075604,E00075157,58
E00075604,E00075202,328
E00075604,E00075278,71
E00075604,E00075287,28
E00075604,E00075339,89
E00075604,E00075511,121
E00075604,E00075519,26
E00075604,E00075604,361
E00075604,E00075615,130
E00075604,E00075641,168
E00075604,E00075692,132
E00075604,E00075812,67
E00075604,E00075818,170
E00075604,E00174278,595
E00075604,E00174300,177
E00075615,E00072718,1
E00075615,E00072744,11
E00075615,E00073211,24
E00075615,E00073214,9
E00075615,E00073279,385
E00075615,E00073292,228
E00075615,E00073353,195
E00075615,E00073384,165
E00075615,E00073394,63
E00075615,E00073417,57
E00075615,E00073481,68
E00075615,E00073590,103
E00075615,E00073619,43
E00075615,E00073629,173
E00075615,E00073647,18
E00075615,E00073819,2
E00075615,E00073864,312
E00075615,E00074081,147
E00075615,E00074196,65
E00075615,E00074279,30
E00075615,E00074431,93
E00075615,E00074694,27
E00075615,E00075041,27
E00075615,E00075157,46
E00075615,E00075202,305
E00075615,E00075278,86
E00075615,E00075287,26
E00075615,E00075339,65
E00075615,E00075511,115
E00075615,E00075519,28
E00075615,E00075604,248
E00075615,E00075615,268
E00075615,E00075641,213
E00075615,E00075692,166
E00075615,E00075812,114
E00075615,E00075818,207
E00075615,E00174278,460
E00075615,E00174300,142
E00075641,E00072718,2
E00075641,E00073211,13
E00075641,E00073214,10
E00075641,E00073279,196
E00075641,E00073292,120
E00075641,E00073353,107
E00075641,E00073384,70
E00075641,E00073394,25
E00075641,E00073417,43
E00075641,E00073481,21
E00075641,E00073590,57
E00075641,E00073619,11
E00075641,E00073629,62
E00075641,E00073647,1
E00075641,E00073819,1
E00075641,E00073864,158
E00075641,E00074081,64
E00075641,E00074196,32
E00075641,E00074279,11
E00075641,E00074431,42
E00075641,E00074694,9
E00075641,E00075041,5
E00075641,E00075157,38
E00075641,E00075202,184
E00075641,E00075278,24
E00075641,E00075287,11
E00075641,E00075339,32
E00075641,E00075511,76
E00075641,E00075519,16
E00075641,E00075604,117
E00075641,E00075615,60
E00075641,E00075641,249
E00075641,E00075692,60
E00075641,E00075812,58
E00075641,E00075818,135
E00075641,E00174278,180
E00075641,E00174300,66
E00075692,E00072718,1
E00075692,E00072744,8
E00075692,E00073211,8
E00075692,E00073214,5
E00075692,E00073279,271
E00075692,E00073292,157
E00075692,E00073353,143
E00075692,E00073384,92
E00075692,E00073394,38
E00075692,E00073417,67
E00075692,E00073481,52
E00075692,E00073590,57
E00075692,E00073619,15
E00075692,E00073629,109
E00075692,E00073647,10
E00075692,E00073819,3
E00075692,E00073864,203
E00075692,E00074081,148
E00075692,E00074196,68
E00075692,E00074279,29
E00075692,E00074431,49
E00075692,E00074694,13
E00075692,E00075041,22
E00075692,E00075157,62
E00075692,E00075202,380
E00075692,E00075278,37
E00075692,E00075287,26
E00075692,E00075339,57
E00075692,E00075511,100
E00075692,E00075519,28
E00075692,E00075604,146
E00075692,E00075615,84
E00075692,E00075641,131
E00075692,E00075692,181
E00075692,E00075812,83
E00075692,E00075818,135
E00075692,E00174278,359
E00075692,E00174300,85
E00075812,E00072744,1
E00075812,E00073211,1
E00075812,E00073214,2
E00075812,E00073279,68
E00075812,E00073292,28
E00075812,E00073353,27
E00075812,E00073384,21
E00075812,E00073394,1
E00075812,E00073417,17
E00075812,E00073481,13
E00075812,E00073590,30
E00075812,E00073619,9
E00075812,E00073629,18
E00075812,E00073864,72
E00075812,E00074081,24
E00075812,E00074196,9
E00075812,E00074279,2
E00075812,E00074431,15
E00075812,E00074694,1
E00075812,E00075041,2
E00075812,E00075157,19
E00075812,E00075202,57
E00075812,E00075278,10
E00075812,E00075339,13
E00075812,E00075511,33
E00075812,E00075519,2
E00075812,E00075604,27
E00075812,E00075615,28
E00075812,E00075641,59
E00075812,E00075692,24
E00075812,E00075812,85
E00075812,E00075818,56
E00075812,E00174278,58
E00075812,E00174300,19
E00075818,E00072718,2
E00075818,E00072744,7
E00075818,E00073211,10
E00075818,E00073214,8
E00075818,E00073279,234
E00075818,E00073292,184
E00075818,E00073353,135
E00075818,E00073384,94
E00075818,E00073394,46
E00075818,E00073417,67
E00075818,E00073481,56
E00075818,E00073590,118
E00075818,E00073619,34
E00075818,E00073629,114
E00075818,E00073647,13
E00075818,E00073819,1
E00075818,E00073864,293
E00075818,E00074081,116
E00075818,E00074196,55
E00075818,E00074279,27
E00075818,E00074431,63
E00075818,E00074694,22
E00075818,E00075041,15
E00075818,E00075157,64
E00075818,E00075202,268
E00075818,E00075278,45
E00075818,E00075287,25
E00075818,E00075339,56
E00075818,E00075511,125
E00075818,E00075519,7
E00075818,E00075604,97
E00075818,E00075615,102
E00075818,E00075641,200
E00075818,E00075692,82
E00075818,E00075812,85
E00075818,E00075818,315
E00075818,E00174278,302
E00075818,E00174300,93
E00174278,E00072718,17
E00174278,E00072744,99
E00174278,E00073211,166
E00174278,E00073214,36
E00174278,E00073279,1829
E00174278,E00073292,1451
E00174278,E00073353,1013
E00174278,E00073384,1123
E00174278,E00073394,384
E00174278,E00073417,394
E00174278,E00073481,447
E00174278,E00073590,392
E00174278,E00073619,205
E00174278,E00073629,979
E00174278,E00073647,104
E00174278,E00073819,7
E00174278,E00073864,1096
E00174278,E00074081,985
E00174278,E00074196,435
E00174278,E00074279,191
E00174278,E00074431,478
E00174278,E00074694,130
E00174278,E00075041,166
E00174278,E00075157,223
E00174278,E00075202,1452
E00174278,E00075278,241
E00174278,E00075287,56
E00174278,E00075339,295
E00174278,E00075511,546
E00174278,E00075519,80
E00174278,E00075604,952
E00174278,E00075615,453
E00174278,E00075641,596
E00174278,E00075692,505
E00174278,E00075812,170
E00174278,E00075818,691
E00174278,E00174278,3374
E00174278,E00174300,799
E00174300,E00072718,8
E00174300,E00072744,24
E00174300,E00073211,78
E00174300,E00073214,24
E00174300,E00073279,749
E00174300,E00073292,581
E00174300,E00073353,360
E00174300,E00073384,478
E00174300,E00073394,144
E00174300,E00073417,148
E00174300,E00073481,210
E00174300,E00073590,182
E00174300,E00073619,77
E00174300,E00073629,383
E00174300,E00073647,44
E00174300,E00073819,3
E00174300,E00073864,461
E00174300,E00074081,381
E00174300,E00074196,166
E00174300,E00074279,61
E00174300,E00074431,196
E00174300,E00074694,56
E00174300,E00075041,65
E00174300,E00075157,84
E00174300,E00075202,638
E00174300,E00075278,99
E00174300,E00075287,47
E00174300,E00075339,107
E00174300,E00075511,222
E00174300,E00075519,35
E00174300,E00075604,359
E00174300,E00075615,222
E00174300,E00075641,286
E00174300,E00075692,214
E00174300,E00075812,91
E00174300,E00075818,320
E00174300,E00174278,1222
E00174300,E00174300,443
