OA_code,Latitude,Longitude
E00072724,51.4210194,-2.5052364
E00072721,51.4159774,-2.4979222
E00072722,51.415373,-2.5016628
E00072734,51.4182338,-2.5046424
E00072735,51.4202854,-2.4976328
E00072736,51.4176184,-2.5013338
E00072745,51.4104534,-2.4963354
E00072750,51.4083034,-2.506937
E00072715,51.4161812,-2.488307
E00072720,51.4111488,-2.489369
E00072705,51.4088082,-2.4911332
E00072717,51.4106148,-2.4772916
E00072664,51.367059,-2.567197
E00072728,51.4102702,-2.510858
E00072730,51.4104882,-2.5144032
E00072742,51.4092994,-2.4985484
E00072719,51.4117224,-2.4930076
E00072685,51.3920972,-2.50211
E00072727,51.4130696,-2.504859
E00072740,51.4035322,-2.5145148
E00072744,51.412618,-2.5026454
E00072716,51.413576,-2.4928232
E00074694,51.4780326,-2.6748382
E00075030,51.4334422,-2.6514148
E00072731,51.4099452,-2.513638
E00072754,51.4051904,-2.50765
E00072737,51.4097992,-2.5013202
E00072741,51.4126684,-2.4996032
E00072733,51.4085374,-2.513188
E00072714,51.3982476,-2.4900592
E00072648,51.3851376,-2.5759534
E00072708,51.4077024,-2.4829316
E00074454,51.4098836,-2.6816882
E00074596,51.453632,-2.6334076
E00074592,51.4828676,-2.701852
E00166301,51.4840632,-2.7226
E00072747,51.4078592,-2.4972964
E00072713,51.400922,-2.489499
E00072707,51.4060646,-2.4852378
E00072966,51.369534,-2.5478722
E00072729,51.412366,-2.509504
E00072686,51.380339,-2.5154542
E00072723,51.4151262,-2.5071102
E00072964,51.3769558,-2.542421
E00072969,51.4040756,-2.5535384
E00072725,51.4152982,-2.5047482
E00072746,51.4094342,-2.5033118
E00072993,51.4041082,-2.4690152
E00072726,51.414038,-2.5105148
E00072703,51.3992656,-2.4865346
E00072970,51.4054862,-2.5577964
E00074589,51.4597918,-2.6666964
E00075042,51.446197,-2.6919388
E00075047,51.4413906,-2.7252156
E00072738,51.4056674,-2.5107378
E00075035,51.4296164,-2.6691938
E00072732,51.4102866,-2.5069532
E00072749,51.4063384,-2.5016964
E00072739,51.406723,-2.5140046
E00072748,51.4085558,-2.5109396
E00074701,51.4815126,-2.6853112
E00072751,51.4075832,-2.509744
E00075028,51.4342556,-2.6815144
E00166292,51.4258884,-2.670424
E00072965,51.3725086,-2.5500768
E00072968,51.4076638,-2.5597206
E00072743,51.4116258,-2.4988068
E00075034,51.4317708,-2.6574968
E00072712,51.4018862,-2.486427
E00072752,51.407122,-2.50355875
E00072753,51.4069742,-2.506307
E00074456,51.4228704,-2.6980018
E00072642,51.3679616,-2.6059244
E00072709,51.405022,-2.4909314
E00072967,51.4075058,-2.5576686
E00072718,51.4135214,-2.4886184
E00072706,51.4073128,-2.4897022
E00074704,51.4809078,-2.686681
E00072710,51.40378,-2.4876894
E00075046,51.4391502,-2.6927248
E00072704,51.4082624,-2.4850914
E00072711,51.4056658,-2.4873268
E00072644,51.36708,-2.6116702
E00074457,51.422316,-2.7110712
E00072641,51.3659276,-2.6089116
E00075018,51.4098366,-2.6413114
E00075039,51.4285866,-2.6636526
E00074698,51.4712554,-2.6800368
E00075027,51.4270514,-2.6640596
E00075020,51.398127,-2.6379868
E00075026,51.3817396,-2.6602942
E00074588,51.4588888,-2.6531696
E00074590,51.4655554,-2.6688968
E00074595,51.453813,-2.6391122
E00074597,51.4527044,-2.630974
E00074696,51.4795466,-2.6845264
E00074600,51.4744284,-2.7190574
E00074591,51.4795282,-2.6940558
E00074593,51.4776308,-2.700152
E00074594,51.4759092,-2.6998994
E00074695,51.4791102,-2.6918004
E00074699,51.476753,-2.6868256
E00075036,51.4302596,-2.6581302
E00074697,51.4777636,-2.689816
E00074702,51.4827342,-2.6888526
E00074703,51.4817726,-2.6903206
E00074601,51.4670758,-2.7159516
E00074693,51.4786992,-2.6870274
E00075029,51.431722,-2.6640094
E00074700,51.4759554,-2.6878282
E00075031,51.4320366,-2.6619216
E00075038,51.4297352,-2.6645758
E00075041,51.4274464,-2.6673846
E00075045,51.4412826,-2.6925444
E00075037,51.4299886,-2.6529474
E00075032,51.433184,-2.6474066
E00075033,51.4325242,-2.6503884
E00166289,51.4280252,-2.6728416
E00166296,51.4283594,-2.670792
E00075023,51.382849,-2.6734852
E00075019,51.3941118,-2.6213508
E00075025,51.3852256,-2.6690612
E00073752,51.5083166,-2.6142958
E00073778,51.511268,-2.6114962
E00073755,51.5095428,-2.6285204
E00073750,51.5074658,-2.6167226
E00073764,51.5127286,-2.6213096
E00073757,51.5082328,-2.6327694
E00074218,51.502302,-2.6051528
E00074213,51.4995364,-2.6141402
E00074216,51.5005858,-2.6087462
E00074214,51.5020256,-2.5915784
E00074226,51.5125784,-2.5973138
E00073192,51.4915798,-2.6694724
E00073219,51.5126348,-2.6780034
E00073937,51.5044926,-2.6575564
E00073921,51.4997148,-2.5917028
E00073900,51.4947886,-2.5981392
E00073849,51.4849758,-2.6143844
E00074346,51.4934484,-2.6176054
E00074349,51.4939944,-2.6194306
E00074351,51.4930422,-2.605926
E00073211,51.507284,-2.6950416
E00073214,51.4990164,-2.6886126
E00074362,51.486544,-2.628641
E00073917,51.4856048,-2.5895396
E00073846,51.4843268,-2.60401
E00073619,51.4838788,-2.553761
E00073693,51.4811396,-2.5301144
E00073682,51.4852528,-2.5179462
E00074068,51.4907594,-2.5651662
E00074057,51.4746512,-2.5666568
E00074313,51.4749744,-2.6274034
E00074301,51.4852148,-2.6313964
E00174330,51.4789706,-2.6247382
E00073276,51.4797138,-2.5891692
E00073873,51.4768438,-2.5204114
E00073170,51.4680256,-2.5899488
E00074104,51.4750302,-2.5921784
E00073526,51.4632998,-2.607956
E00073532,51.4703792,-2.6132132
E00174052,51.4616584,-2.5866114
E00174039,51.4606682,-2.5918606
E00073514,51.4626906,-2.6109484
E00073505,51.465062,-2.6107836
E00073472,51.4644418,-2.619951
E00073483,51.4545944,-2.6194898
E00073446,51.4619288,-2.603896
E00174294,51.4554924,-2.589856
E00073417,51.4562526,-2.604825
E00174055,51.456354,-2.5950606
E00174312,51.4588182,-2.5950348
E00073431,51.4550226,-2.6068356
E00174310,51.4476646,-2.6021076
E00074254,51.4410812,-2.6189156
E00174285,51.4427062,-2.5962886
E00074236,51.4445874,-2.5989882
E00074401,51.4376358,-2.5864724
E00073253,51.4343916,-2.626352
E00073768,51.5137034,-2.6159158
E00073751,51.509901,-2.6193118
E00073758,51.5074908,-2.6224606
E00074194,51.4970296,-2.6140748
E00074205,51.505037,-2.6090184
E00073950,51.5014048,-2.656979
E00074046,51.4908466,-2.575797
E00074354,51.490209,-2.6181084
E00074342,51.4953676,-2.614513
E00073199,51.48937,-2.6853266
E00073200,51.489707,-2.6824512
E00073186,51.4945342,-2.6928712
E00074358,51.4894412,-2.6218514
E00074327,51.4844348,-2.6195074
E00074331,51.4862636,-2.6191578
E00073833,51.4916536,-2.599634
E00073844,51.4869782,-2.6066948
E00073618,51.487252,-2.5488416
E00073703,51.4948266,-2.531224
E00074320,51.485828,-2.6410168
E00073145,51.4639916,-2.5848178
E00073545,51.4684644,-2.5932686
E00073438,51.4465764,-2.5929074
E00174293,51.4550384,-2.5938514
E00174284,51.4505654,-2.6028478
E00174050,51.4526522,-2.6013868
E00074261,51.4394568,-2.6146144
E00073771,51.5124128,-2.6143312
E00073756,51.5091638,-2.6220648
E00074203,51.5052168,-2.6024534
E00073216,51.497992,-2.6676096
E00073926,51.4963644,-2.5966874
E00074336,51.4961652,-2.6167116
E00073822,51.4815942,-2.606552
E00074049,51.4833738,-2.5708808
E00073263,51.4805968,-2.5802264
E00073288,51.475963,-2.5912034
E00073161,51.4697654,-2.5779814
E00174044,51.465872,-2.5801406
E00073181,51.4645084,-2.584286
E00174243,51.4577642,-2.588648
E00073425,51.4594824,-2.6050698
E00073436,51.4483216,-2.5951262
E00174296,51.4524246,-2.595084
E00174307,51.4534898,-2.6034446
E00074262,51.43881,-2.6202458
E00073342,51.4329232,-2.5335604
E00073250,51.4327032,-2.612649
E00073777,51.511359,-2.6157716
E00073762,51.5048728,-2.6269338
E00073940,51.5060208,-2.6504508
E00073896,51.49945025,-2.575318
E00073847,51.4868382,-2.6103374
E00074048,51.4843468,-2.5764346
E00073851,51.4853266,-2.5983978
E00073285,51.478258,-2.587604
E00073298,51.4832408,-2.5868904
E00073826,51.4803782,-2.6135684
E00073614,51.4687858,-2.5444364
E00073864,51.467881,-2.5244582
E00073530,51.463564,-2.5999532
E00174289,51.4655502,-2.5883826
E00174215,51.4618846,-2.5881428
E00073491,51.4567248,-2.60902
E00074152,51.4642222,-2.5182264
E00073480,51.4574686,-2.6228106
E00073482,51.4556632,-2.6214012
E00074235,51.4421752,-2.5986638
E00174276,51.441376,-2.5992198
E00174303,51.4407178,-2.600045
E00073261,51.4298588,-2.6262512
E00174259,51.5103998,-2.6076002
E00074210,51.5027038,-2.598784
E00073949,51.5017772,-2.6588514
E00074341,51.4951992,-2.601844
E00073217,51.4978296,-2.6940346
E00074357,51.4883116,-2.6256606
E00073529,51.4651684,-2.6093336
E00073542,51.4673494,-2.6107032
E00174218,51.4606122,-2.589364
E00073497,51.4695702,-2.6156778
E00174220,51.4608174,-2.6218134
E00174324,51.4554874,-2.597413
E00073350,51.4502788,-2.5505858
E00073392,51.4457222,-2.5547526
E00074260,51.440095,-2.616467
E00073775,51.5110256,-2.6303964
E00074202,51.5048898,-2.6044408
E00073913,51.4904606,-2.5931586
E00073694,51.4785098,-2.5338734
E00174323,51.4833646,-2.5380928
E00074052,51.4806976,-2.5672818
E00074307,51.4792718,-2.6336324
E00073820,51.4826374,-2.6154916
E00074090,51.4702306,-2.5967384
E00073182,51.464335,-2.5885718
E00073484,51.4661765,-2.6169135
E00073596,51.4561642,-2.5607338
E00174297,51.4501744,-2.5948328
E00174049,51.4535242,-2.5988804
E00073765,51.5135698,-2.6281656
E00174332,51.4795914,-2.5783588
E00073828,51.4776632,-2.6138776
E00073872,51.476062,-2.5232102
E00073164,51.4696854,-2.572711
E00174043,51.46024667,-2.593317
E00073513,51.4631304,-2.609745
E00073500,51.469247,-2.6149016
E00073477,51.4592568,-2.624478
E00174292,51.4385152,-2.6019224
E00073766,51.5135146,-2.6247008
E00073946,51.5026742,-2.6495004
E00074359,51.4911114,-2.635353
E00074335,51.4977622,-2.6218316
E00073272,51.4818334,-2.5799882
E00073819,51.483811,-2.610913
E00074303,51.4815236,-2.6415034
E00073558,51.4647518,-2.597343
E00174279,51.4659914,-2.5900524
E00174053,51.4619386,-2.5845072
E00174325,51.4601454,-2.5849078
E00073510,51.4638284,-2.612181
E00174231,51.453886,-2.5948238
E00174278,51.4373015,-2.60247475
E00073769,51.5127864,-2.6311034
E00074222,51.4973738,-2.6007542
E00074347,51.4928984,-2.6233874
E00073279,51.4784734,-2.5810556
E00174280,51.4681064,-2.5328998
E00073487,51.4583492,-2.6131006
E00074117,51.4638342,-2.5213484
E00074249,51.4424468,-2.62527
E00074264,51.4437932,-2.611626
E00174263,51.4440762,-2.5940864
E00073773,51.5115296,-2.6270194
E00073185,51.494656,-2.6664416
E00073923,51.4975032,-2.582213
E00073836,51.4898754,-2.6134694
E00074344,51.4954062,-2.605715
E00073912,51.4912402,-2.5850858
E00073688,51.4850988,-2.5211044
E00074321,51.4811842,-2.6447042
E00073271,51.4820262,-2.5896106
E00074105,51.4732584,-2.6063776
E00073890,51.472708,-2.514225
E00073635,51.4749076,-2.5470724
E00073623,51.479213,-2.5566594
E00174041,51.4608088,-2.5928416
E00073453,51.454331,-2.6144896
E00073346,51.4521252,-2.5465178
E00073754,51.510767,-2.6216254
E00073947,51.5035732,-2.6545946
E00073927,51.4965228,-2.583782
E00074355,51.4911862,-2.619712
E00074051,51.48021925,-2.57352075
E00073284,51.4773496,-2.589789
E00073488,51.457033,-2.6133908
E00174223,51.447884,-2.6138855
E00074253,51.4413434,-2.6119002
E00074415,51.4415788,-2.5825836
E00073251,51.4353362,-2.606757
E00074229,51.4451414,-2.584687
E00073746,51.5092274,-2.6100194
E00073903,51.493931,-2.586979
E00073919,51.4987578,-2.5772936
E00074353,51.4918104,-2.6171546
E00073201,51.489067,-2.6802034
E00073683,51.483245,-2.524407
E00074322,51.4821732,-2.6284374
E00073144,51.4633024,-2.5866548
E00073516,51.4598144,-2.6100262
E00073499,51.4673562,-2.617339
E00074175,51.4627666,-2.5521954
E00074192,51.4554272,-2.5519024
E00073481,51.4564188,-2.6183944
E00073767,51.513547,-2.5995318
E00174313,51.5071574,-2.6089634
E00073202,51.4902578,-2.6772496
E00073213,51.4994628,-2.6970868
E00074329,51.48391,-2.6255632
E00074075,51.486108,-2.575858
E00073848,51.4837988,-2.6003884
E00074319,51.4882754,-2.6406226
E00073821,51.4811218,-2.6106696
E00074079,51.4743798,-2.5970278
E00074228,51.4457938,-2.6094136
E00073249,51.429891,-2.6283346
E00073770,51.5124056,-2.6074912
E00074198,51.5076536,-2.5996068
E00074330,51.481642,-2.62146
E00073289,51.4773498,-2.5883724
E00074088,51.470421,-2.592531
E00073442,51.462196,-2.5945348
E00074121,51.4604146,-2.5179614
E00073772,51.5110992,-2.6055492
E00073698,51.4810042,-2.5278202
E00073147,51.4637108,-2.5808468
E00073537,51.4676186,-2.5979622
E00073414,51.4627028,-2.5910142
E00174295,51.4529734,-2.5942452
E00074263,51.445741,-2.60443875
E00073774,51.5117826,-2.6009042
E00073220,51.4963592,-2.6632282
E00073928,51.4961372,-2.5799082
E00073957,51.494864,-2.6469744
E00074333,51.50153,-2.6200566
E00073708,51.4887278,-2.516606
E00073432,51.4511314,-2.6060586
E00074258,51.4408978,-2.608791
E00074220,51.4980594,-2.598579
E00073893,51.487249,-2.5869334
E00073265,51.4772876,-2.5852298
E00073278,51.4792204,-2.5978432
E00073862,51.467886,-2.5142196
E00073528,51.4635378,-2.6050774
E00073168,51.4688878,-2.5750534
E00073478,51.457939,-2.618605
E00073760,51.5047938,-2.6176948
E00073956,51.4922264,-2.6548664
E00174214,51.4617858,-2.5896234
E00073421,51.4607812,-2.6015428
E00073462,51.4515302,-2.6205674
E00174315,51.507398,-2.6114795
E00073779,51.5076194,-2.6364558
E00074227,51.5076532,-2.602014
E00073907,51.4927862,-2.597646
E00073818,51.487217,-2.6139856
E00074339,51.4960656,-2.6206012
E00074350,51.4932162,-2.6115228
E00073834,51.4917212,-2.6051046
E00073684,51.4826178,-2.5281554
E00074302,51.4834982,-2.6417904
E00073297,51.4838292,-2.5846314
E00073527,51.4641714,-2.6074748
E00073506,51.4656476,-2.6139962
E00074252,51.4414546,-2.6050186
E00073190,51.4932426,-2.6848296
E00073155,51.4723348,-2.583171
E00174327,51.4697686,-2.5361468
E00073148,51.4633818,-2.5886514
E00073504,51.4662686,-2.612479
E00073420,51.4582112,-2.5994026
E00073433,51.4551556,-2.6006426
E00074101,51.4759482,-2.6123204
E00073609,51.4729934,-2.553304
E00073466,51.4504822,-2.6167134
E00073749,51.5101692,-2.6408224
E00074062,51.4950192,-2.573576
E00073193,51.4841378,-2.6807786
E00073210,51.483292,-2.6774936
E00074309,51.4773612,-2.6370652
E00073856,51.4707346,-2.5188588
E00073544,51.468412,-2.6021878
E00073166,51.4686216,-2.5714048
E00174047,51.454359,-2.6004515
E00073205,51.4878868,-2.675507
E00174274,51.4521228,-2.596196
E00074058,51.4746216,-2.5709468
E00174217,51.4604682,-2.5942062
E00174275,51.46104,-2.6245372
E00073776,51.5104258,-2.6235168
E00073894,51.4858976,-2.5871578
E00073830,51.4781504,-2.6086318
E00073747,51.5111358,-2.6398886
E00074334,51.4988376,-2.6251548
E00074096,51.4775498,-2.606616
E00074107,51.4739746,-2.6148364
E00073538,51.469464,-2.6028692
E00073519,51.4594626,-2.6127128
E00074432,51.4384176,-2.5953482
E00073748,51.5118724,-2.6351338
E00073961,51.4920706,-2.648701
E00073209,51.4838786,-2.673369
E00074338,51.4935972,-2.635241
E00073630,51.4775052,-2.5378564
E00074087,51.4712494,-2.6014654
E00073543,51.4673346,-2.606694
E00073503,51.4673166,-2.6194832
E00074119,51.4627886,-2.5142056
E00074131,51.4545308,-2.5374766
E00073348,51.4530986,-2.546417
E00073943,51.5009172,-2.6630236
E00073676,51.4886222,-2.5384652
E00174046,51.4514886,-2.6047052
E00073948,51.5011328,-2.6553854
E00073535,51.4681368,-2.6108422
E00073502,51.4671212,-2.6139404
E00074149,51.4650504,-2.515515
E00074257,51.4411312,-2.6063064
E00073763,51.503341,-2.622798
E00074316,51.4740146,-2.6310378
E00073602,51.4738778,-2.5435582
E00073169,51.4692814,-2.5812408
E00073512,51.4616048,-2.6127322
E00074183,51.45892,-2.5418088
E00073236,51.4371112,-2.613469
E00074054,51.4761412,-2.5734776
E00073829,51.4788572,-2.6131622
E00073416,51.4621236,-2.597219
E00073463,51.4503534,-2.6226016
E00073394,51.4442398,-2.5492552
E00073761,51.5052774,-2.6225534
E00074091,51.4711636,-2.5961852
E00074240,51.4430256,-2.6179082
E00073759,51.5066184,-2.6198462
E00073672,51.4818888,-2.535814
E00074081,51.4729626,-2.6124004
E00073591,51.4564572,-2.554615
E00174304,51.4396452,-2.5987074
E00073269,51.4818528,-2.5825064
E00073581,51.4622362,-2.5586722
E00073476,51.459659,-2.6164516
E00073206,51.4865454,-2.6746558
E00073705,51.4895296,-2.514976
E00074044,51.4941662,-2.561022
E00074103,51.4746324,-2.6101912
E00074116,51.4623164,-2.521671
E00174237,51.4958474,-2.5745456
E00074323,51.4824834,-2.633628
E00073268,51.4827366,-2.5838536
E00073178,51.4661808,-2.5846272
E00073588,51.4589502,-2.5590674
E00074422,51.4407924,-2.5790344
E00074215,51.5011158,-2.5966078
E00074217,51.5000024,-2.6036472
E00074204,51.5054834,-2.592138
E00074207,51.5041156,-2.5895068
E00073918,51.499646,-2.5857552
E00073541,51.467936,-2.604833
E00174245,51.4471474,-2.6074286
E00074219,51.5000964,-2.5951598
E00073958,51.4929042,-2.6475094
E00073294,51.4856212,-2.5837842
E00074050,51.482295,-2.5748422
E00073613,51.469922,-2.547393
E00073496,51.4542962,-2.6109704
E00073916,51.4891514,-2.5874584
E00073925,51.495861,-2.5778654
E00074332,51.485812,-2.626652
E00073396,51.4435234,-2.5651584
E00074247,51.4425788,-2.6152808
E00074221,51.4992894,-2.5975376
E00073898,51.493468,-2.5934196
E00073674,51.485453,-2.5251378
E00074172,51.4612706,-2.535385
E00074100,51.4757852,-2.6059538
E00073875,51.4758186,-2.5326962
E00074193,51.5016508,-2.6013866
E00073837,51.4895424,-2.6088634
E00073905,51.493096,-2.5802732
E00073841,51.4889764,-2.6065688
E00073471,51.4499146,-2.6200904
E00073700,51.4893906,-2.5408282
E00073859,51.4683582,-2.5393064
E00074187,51.4585432,-2.5503942
E00074209,51.5025498,-2.5936676
E00074197,51.507508,-2.6055702
E00073906,51.4938194,-2.600961
E00073266,51.4840755,-2.58835525
E00073891,51.4729928,-2.5245748
E00073587,51.4588372,-2.5552772
E00074431,51.4395072,-2.5730818
E00074211,51.502791,-2.5968082
E00074199,51.5052622,-2.599838
E00074206,51.5039694,-2.5959392
E00073707,51.4895448,-2.5371826
E00074077,51.4878454,-2.5658842
E00074053,51.4779234,-2.5630602
E00074110,51.4746554,-2.6130652
E00073490,51.4581868,-2.615206
E00074196,51.5071318,-2.5972486
E00074201,51.5058914,-2.5960248
E00073934,51.4870808,-2.64688
E00073892,51.490712,-2.579102
E00074317,51.4901846,-2.6375116
E00074095,51.4793514,-2.605572
E00073854,51.47025,-2.5281424
E00073884,51.4734238,-2.535856
E00073156,51.4714634,-2.5738564
E00073914,51.4898948,-2.582925
E00073865,51.4681596,-2.5184178
E00073536,51.4687405,-2.595771
E00073871,51.4790926,-2.5177386
E00073590,51.4576362,-2.560453
E00174308,51.4475524,-2.6211442
E00073464,51.4515968,-2.6164814
E00073626,51.4801028,-2.5386324
E00074310,51.4755618,-2.6332538
E00073397,51.443922,-2.5564284
E00073583,51.4580258,-2.5573254
E00074191,51.4571204,-2.547081
E00074208,51.5030598,-2.608825
E00074212,51.5016658,-2.6116762
E00073221,51.495075,-2.6815002
E00073282,51.4794026,-2.594553
E00073628,51.47617525,-2.55861425
E00073150,51.4645902,-2.5779016
E00073552,51.4665956,-2.599728
E00073474,51.4599496,-2.619265
E00073634,51.4753352,-2.542064
E00073533,51.470549,-2.609362
E00074078,51.48727675,-2.579737
E00074325,51.4808644,-2.6344292
E00073469,51.448795,-2.6180904
E00073390,51.4467708,-2.5490354
E00174283,51.483539,-2.5357098
E00074102,51.4757592,-2.5977662
E00073259,51.4317524,-2.6295554
E00073963,51.4892908,-2.6489784
E00073196,51.4901542,-2.6750008
E00074082,51.4717384,-2.593306
E00073419,51.4648426,-2.590777
E00073518,51.4602522,-2.6147898
E00073895,51.5019088,-2.5895474
E00074086,51.4705748,-2.5996804
E00073486,51.4585116,-2.610932
E00174291,51.4397722,-2.603702
E00074099,51.4763168,-2.6086212
E00074181,51.4587522,-2.5530912
E00074234,51.4443828,-2.6046108
E00073548,51.4673958,-2.5925122
E00073454,51.4537208,-2.6254968
E00074132,51.4555856,-2.5248986
E00073228,51.4393368,-2.6063196
E00074195,51.508998,-2.597033667
E00073964,51.4906452,-2.6471896
E00174302,51.4447046,-2.5926034
E00074223,51.51348175,-2.59561875
E00073594,51.4559938,-2.55606
E00074224,51.5143532,-2.594158
E00074311,51.4725824,-2.6401782
E00074225,51.5132858,-2.5932996
E00073882,51.4733612,-2.533462
E00073908,51.4920818,-2.5926038
E00073493,51.4563432,-2.6119308
E00073226,51.439696,-2.6052692
E00074200,51.505747,-2.6070682
E00073197,51.4880888,-2.670542
E00073835,51.4914232,-2.6093766
E00073889,51.4723672,-2.5274204
E00073509,51.463977,-2.6167518
E00074179,51.459609,-2.5342288
E00073452,51.4544992,-2.6168996
E00073931,51.4840096,-2.6501194
E00073470,51.4496258,-2.6138006
E00073187,51.4951406,-2.6701184
E00073215,51.49587575,-2.672622
E00073183,51.4857172,-2.671637
E00073367,51.4395474,-2.542339
E00073195,51.491844,-2.6826102
E00074174,51.4596296,-2.5477876
E00074135,51.4542764,-2.527106
E00073954,51.4976594,-2.6618936
E00073944,51.5044765,-2.6513935
E00073692,51.4825782,-2.518377
E00074306,51.4784472,-2.6447146
E00073223,51.494854,-2.6773692
E00073207,51.4866024,-2.6793982
E00073515,51.4617884,-2.615432
E00073222,51.4942464,-2.6739456
E00073951,51.4996126,-2.6618748
E00073375,51.4359844,-2.5471998
E00174314,51.43792,-2.60262475
E00073239,51.4364266,-2.6068104
E00073212,51.5008636,-2.700727
E00074186,51.4591418,-2.5442556
E00073245,51.4328838,-2.6228634
E00073897,51.4949716,-2.5803716
E00074173,51.4626608,-2.5335072
E00073699,51.47846,-2.526524
E00073258,51.4317248,-2.6009716
E00074437,51.4377695,-2.597025
E00073938,51.5048796,-2.6428948
E00073939,51.5061442,-2.6529502
E00073941,51.5054306,-2.6474064
E00073942,51.504225,-2.6458052
E00073585,51.4611066,-2.557556
E00073686,51.484876,-2.5292708
E00073254,51.4336858,-2.6073372
E00073936,51.4843296,-2.6479458
E00073479,51.4584008,-2.6218116
E00073495,51.4546814,-2.6129476
E00074184,51.4591212,-2.5363762
E00074176,51.4612958,-2.5425106
E00073945,51.5040462,-2.6482324
E00073857,51.4695332,-2.5220242
E00073922,51.4981604,-2.5870992
E00073915,51.4881422,-2.5845138
E00073701,51.4924702,-2.5333368
E00073539,51.4696494,-2.6052562
E00074158,51.4599678,-2.5288382
E00073225,51.4404888,-2.6028454
E00073825,51.4802158,-2.6071524
E00073899,51.4936794,-2.5885568
E00073274,51.4810816,-2.5924446
E00073866,51.481031,-2.5193992
E00073633,51.4758456,-2.5382056
E00074156,51.460397,-2.5389878
E00074171,51.4619708,-2.5302342
E00073423,51.4612176,-2.5988998
E00073401,51.4418558,-2.5537358
E00073270,51.4811636,-2.5861612
E00073154,51.4740216,-2.5831868
E00073901,51.4942068,-2.576818
E00073904,51.49326125,-2.57630625
E00073287,51.4770444,-2.5965156
E00073157,51.4714308,-2.5827474
E00073465,51.4520552,-2.6114126
E00073524,51.4662564,-2.6100256
E00073522,51.4700748,-2.6110228
E00073171,51.4680634,-2.5783748
E00073351,51.4506738,-2.5424134
E00074361,51.4873686,-2.6227184
E00074166,51.463648,-2.5453196
E00074145,51.452251,-2.5285386
E00074244,51.4421002,-2.6028946
E00073823,51.481788,-2.6095032
E00073295,51.4840656,-2.5948794
E00073531,51.4708638,-2.6072592
E00074230,51.4447044,-2.6087138
E00074340,51.4965088,-2.6032236
E00073909,51.4912346,-2.5887122
E00073910,51.4904366,-2.5911394
E00174240,51.4495326,-2.6084096
E00073824,51.482797,-2.6138864
E00073582,51.4603642,-2.558298
E00073391,51.446861,-2.5524208
E00074114,51.4739084,-2.592392
E00174246,51.4978236,-2.5767488
E00174328,51.4978965,-2.573638
E00074060,51.496101,-2.5715296
E00073153,51.472078,-2.5787476
E00074138,51.4521526,-2.5217102
E00074304,51.472838,-2.6387474
E00073580,51.4621156,-2.554894
E00174306,51.4993754,-2.5738352
E00174226,51.4980118,-2.5703116
E00073930,51.4900254,-2.6455384
E00073860,51.4669732,-2.5327602
E00073685,51.4821014,-2.5237112
E00174329,51.49716975,-2.57471975
E00073540,51.468644,-2.6122454
E00074180,51.4613576,-2.5322366
E00074404,51.4372194,-2.589848
E00073292,51.4865768,-2.5814202
E00074108,51.474507,-2.5895954
E00073902,51.4942805,-2.57941175
E00073843,51.4881426,-2.5934948
E00074061,51.4963968,-2.5683128
E00074047,51.4850904,-2.566262
E00073681,51.4857486,-2.5443102
E00074426,51.440624,-2.5724512
E00074066,51.4932198,-2.57162
E00074067,51.492719,-2.573814
E00073511,51.463048,-2.614597
E00174228,51.4982456,-2.571372
E00074045,51.49071933,-2.567916
E00074161,51.464475,-2.5434006
E00074074,51.48880075,-2.5663185
E00073264,51.4800628,-2.5866592
E00073143,51.468618,-2.5732676
E00073252,51.4340284,-2.6038216
E00074063,51.4942668,-2.5682626
E00074070,51.4899286,-2.563182
E00073842,51.4902082,-2.5964424
E00074069,51.4902338,-2.5714102
E00074076,51.48783925,-2.5703935
E00074147,51.4657488,-2.5138214
E00073403,51.4386306,-2.552776
E00074352,51.4919466,-2.6139828
E00073218,51.4967334,-2.6927754
E00073267,51.4828844,-2.596198
E00073534,51.4689904,-2.607473
E00073547,51.466726,-2.5959415
E00174318,51.4366346,-2.6032412
E00074406,51.4350218,-2.5877482
E00073404,51.4400804,-2.5556278
E00074360,51.4881738,-2.6291934
E00074343,51.4950975,-2.60930125
E00074348,51.49320575,-2.60868975
E00073868,51.4804374,-2.5162184
E00073440,51.4637076,-2.5940184
E00073615,51.4654272,-2.5463026
E00074356,51.490971,-2.6236692
E00074056,51.4764994,-2.5659714
E00073952,51.4969124,-2.6479282
E00073953,51.4978074,-2.657977
E00073629,51.4778358,-2.542053
E00073955,51.4966212,-2.642675
E00073960,51.4931756,-2.6425622
E00073402,51.440669,-2.5540982
E00074237,51.4454244,-2.6016322
E00073929,51.4960335,-2.646055
E00073415,51.46203467,-2.607566333
E00073932,51.4870942,-2.650699
E00073959,51.4951676,-2.650312
E00073158,51.4714344,-2.5750248
E00074112,51.4733258,-2.610407
E00073371,51.433523,-2.546704
E00073248,51.435071,-2.610099
E00073933,51.4875402,-2.6442068
E00073188,51.4938468,-2.6853694
E00073437,51.447084,-2.6124574
E00073935,51.4853224,-2.6466118
E00073858,51.4700258,-2.514765
E00073456,51.4536628,-2.6202338
E00073962,51.4904352,-2.6517512
E00073877,51.4754956,-2.5270278
E00073852,51.4733908,-2.5308048
E00073191,51.4918804,-2.6788396
E00073194,51.491662,-2.6759375
E00074324,51.4796882,-2.630724
E00073546,51.4675852,-2.603492
E00073448,51.4493692,-2.6191992
E00073198,51.4904196,-2.6767128
E00073208,51.4843178,-2.6698732
E00073167,51.466683,-2.588072
E00074259,51.4418684,-2.6003198
E00073184,51.4910152,-2.6862166
E00073189,51.4934912,-2.6810846
E00074251,51.4423015,-2.6099655
E00073255,51.4335628,-2.6016316
E00074123,51.4587988,-2.5236948
E00073160,51.4698158,-2.584435
E00073204,51.4873578,-2.6828108
E00073262,51.4307862,-2.6037614
E00073489,51.4576138,-2.616936
E00074083,51.4720562,-2.598078
E00074425,51.4399918,-2.591449
E00073203,51.4879966,-2.6771174
E00074155,51.4613804,-2.5385416
E00074326,51.4798192,-2.6457132
E00073468,51.450668,-2.6118776
E00073376,51.4351628,-2.5307062
E00074345,51.4938662,-2.6327094
E00073227,51.4398638,-2.609374
E00073608,51.4724072,-2.551111
E00073172,51.4669798,-2.5756892
E00073450,51.4550834,-2.622559
E00073232,51.4390668,-2.6085286
E00074315,51.4729048,-2.6344176
E00073174,51.4676788,-2.585098
E00074400,51.4363072,-2.586297
E00074328,51.50060675,-2.6205405
E00073832,51.4774398,-2.610842
E00073445,51.461945,-2.6010055
E00074337,51.499799,-2.6188204
E00174317,51.444837,-2.591808
E00073525,51.465725,-2.5943734
E00073293,51.4847622,-2.582298
E00073146,51.4634088,-2.583017
E00073299,51.483205,-2.5815812
E00074151,51.4656716,-2.5242656
E00073911,51.4912065,-2.5823365
E00073159,51.47109325,-2.58754725
E00073600,51.482659,-2.5454054
E00073281,51.4798926,-2.5840248
E00073422,51.4624172,-2.5927122
E00073286,51.477676,-2.5934574
E00073224,51.4362182,-2.6097688
E00074136,51.4531206,-2.5302988
E00074072,51.4899962,-2.5737318
E00074073,51.489379,-2.575991
E00074115,51.46609,-2.5268276
E00073839,51.4884254,-2.6039578
E00073616,51.4661984,-2.549326
E00073845,51.4863772,-2.6028622
E00073507,51.46547833,-2.616212
E00074093,51.4813956,-2.601189
E00073827,51.4794728,-2.609988
E00073840,51.4890316,-2.6000826
E00073838,51.490573,-2.6031996
E00073850,51.4841142,-2.6072158
E00074178,51.4606698,-2.5517152
E00073622,51.4818682,-2.5480658
E00073617,51.486737,-2.5510014
E00174320,51.467028,-2.536721
E00073624,51.4819782,-2.5421512
E00073360,51.4413922,-2.5372418
E00073677,51.4876368,-2.521764
E00073689,51.4826698,-2.5164914
E00074137,51.45465225,-2.5378675
E00073356,51.4479218,-2.5413358
E00073621,51.4820162,-2.5548156
E00073631,51.4757772,-2.5473332
E00073179,51.4664684,-2.586528
E00074148,51.4645086,-2.5229136
E00074405,51.4368004,-2.592072
E00073620,51.4856038,-2.5478916
E00073173,51.468135,-2.5826192
E00074232,51.4442232,-2.614249
E00073679,51.49038,-2.5347728
E00073673,51.4877644,-2.540388
E00073695,51.4849812,-2.526757
E00073697,51.4809446,-2.5230732
E00073604,51.472946,-2.5477398
E00073702,51.4944892,-2.5292058
E00074436,51.4381742,-2.5824246
E00073704,51.4914454,-2.5197306
E00073680,51.4866706,-2.5190024
E00074246,51.4435224,-2.6072122
E00073690,51.4834662,-2.5314314
E00073632,51.4766004,-2.543176
E00074413,51.4420714,-2.5739854
E00073867,51.480666,-2.5209214
E00073675,51.4887308,-2.5130716
E00073678,51.4885364,-2.5191672
E00073706,51.4896858,-2.519169
E00073560,51.459704,-2.5563646
E00073696,51.4801512,-2.5254372
E00073361,51.4404822,-2.5497082
E00074182,51.459798,-2.5428296
E00073349,51.45240025,-2.54302525
E00074084,51.4705992,-2.6044884
E00073457,51.4531682,-2.6233868
E00073691,51.4827822,-2.5206432
E00074168,51.4629536,-2.5503092
E00074065,51.4931172,-2.5649184
E00074064,51.4930142,-2.5632314
E00074160,51.4654794,-2.538083
E00074417,51.443048,-2.5804468
E00074430,51.4404398,-2.5753382
E00074071,51.4873848,-2.5633464
E00174058,51.4662888,-2.5816574
E00073277,51.4785385,-2.59109575
E00174333,51.4782395,-2.578546
E00073444,51.46341033,-2.597067667
E00074055,51.4763894,-2.5623816
E00073855,51.470044,-2.53131
E00074312,51.4741768,-2.636989
E00073485,51.4557644,-2.6108122
E00074314,51.4727452,-2.6283762
E00074318,51.487459,-2.6346888
E00074248,51.44324,-2.604115
E00074265,51.4449438,-2.6066302
E00074256,51.440879,-2.6135578
E00073240,51.4357136,-2.6009262
E00074308,51.4750948,-2.6434464
E00074238,51.4448174,-2.6142696
E00174331,51.481865,-2.6278925
E00073256,51.4321814,-2.6041798
E00073165,51.4694746,-2.5895036
E00073273,51.4807676,-2.5845112
E00073627,51.4782934,-2.537949
E00074424,51.4417836,-2.5771732
E00074113,51.4728856,-2.5927872
E00073177,51.466032,-2.583565
E00073291,51.47471975,-2.5851755
E00074094,51.4792734,-2.6029524
E00174281,51.476666,-2.5793414
E00073283,51.4791736,-2.5921746
E00074098,51.4781664,-2.601043
E00073290,51.47558525,-2.58661525
E00073280,51.47880233,-2.596836333
E00073520,51.465448,-2.5958348
E00073296,51.4837902,-2.590719
E00073300,51.48313075,-2.5898195
E00074412,51.4308788,-2.5983592
E00074411,51.4348684,-2.5963806
E00073458,51.452658,-2.62078175
E00073831,51.4787746,-2.6113504
E00073238,51.43748375,-2.609836
E00073358,51.4432176,-2.5384404
E00074097,51.4767482,-2.6036514
E00074109,51.4743114,-2.5999006
E00073455,51.4519832,-2.6236534
E00073494,51.4556265,-2.61366525
E00073595,51.455003,-2.5594678
E00074241,51.443608,-2.6087235
E00073365,51.440368,-2.539595
E00073551,51.4666176,-2.6042452
E00073880,51.472536,-2.5192624
E00073888,51.4729284,-2.5213254
E00073599,51.46488325,-2.5484135
E00074124,51.4601308,-2.5218388
E00073885,51.4708446,-2.5127298
E00074140,51.4524678,-2.5244224
E00074130,51.4561384,-2.5215544
E00074170,51.462633,-2.5360376
E00073874,51.477069,-2.5183204
E00073879,51.4752978,-2.5162642
E00073579,51.46260725,-2.55566625
E00073870,51.4784068,-2.5145628
E00073601,51.4739464,-2.5461106
E00073876,51.4766728,-2.5143446
E00073878,51.4741092,-2.5174686
E00073883,51.4742982,-2.5137332
E00073340,51.4521568,-2.538272
E00073869,51.479498,-2.5199978
E00073598,51.474505,-2.5420424
E00073625,51.4804396,-2.5478266
E00074407,51.4352588,-2.592872
E00073606,51.4715872,-2.5467244
E00074126,51.4579708,-2.5285904
E00073162,51.4712204,-2.5847924
E00073163,51.470299,-2.5882614
E00165771,51.4519588,-2.609455
E00073441,51.463609,-2.5910778
E00073152,51.475008,-2.580795
E00073492,51.4564352,-2.6151312
E00174309,51.4484608,-2.6054388
E00074111,51.47407425,-2.58921375
E00074106,51.474617,-2.5948925
E00073231,51.4389694,-2.612685
E00074080,51.4723316,-2.595645
E00073549,51.4665718,-2.5930968
E00074089,51.4711288,-2.604417
E00074085,51.472113,-2.5901448
E00074189,51.45854125,-2.547607
E00074092,51.47097325,-2.59130425
E00074399,51.4380566,-2.5900746
E00073853,51.4711202,-2.52512
E00073886,51.4739888,-2.5242318
E00073881,51.4734078,-2.5291376
E00074243,51.4436348,-2.6017494
E00074162,51.4657112,-2.5342568
E00073887,51.4732704,-2.538388
E00074418,51.4437878,-2.5789018
E00073861,51.468763,-2.5201812
E00073521,51.46422425,-2.603762
E00073501,51.4691564,-2.6173914
E00073467,51.4509756,-2.6233778
E00073554,51.46527125,-2.60114575
E00073557,51.46556,-2.6038742
E00073555,51.46489967,-2.607547667
E00073556,51.465153,-2.605631
E00073354,51.4504652,-2.5404622
E00073363,51.4398034,-2.5356378
E00073523,51.46682375,-2.60794625
E00174235,51.4500076,-2.6048644
E00073550,51.4668198,-2.6060972
E00073176,51.466927,-2.5792324
E00174311,51.46599,-2.589529333
E00174221,51.44968567,-2.603066333
E00073426,51.4610472,-2.6005214
E00074429,51.4391802,-2.5797298
E00074403,51.4365622,-2.5954238
E00073443,51.4626688,-2.595695
E00073553,51.4663438,-2.6018494
E00074420,51.4418448,-2.580149
E00073424,51.4613898,-2.5943132
E00174057,51.4594308,-2.592339
E00073439,51.4646892,-2.5919128
E00073517,51.46002,-2.611642667
E00073508,51.4643432,-2.6141252
E00073498,51.4685662,-2.6185464
E00074118,51.4616446,-2.5157074
E00074153,51.4643854,-2.5125048
E00074128,51.4562586,-2.5283376
E00074177,51.4613914,-2.5270552
E00073366,51.4392658,-2.5502922
E00074146,51.465817,-2.5202798
E00074120,51.4621976,-2.524635
E00074150,51.4631606,-2.5259472
E00073378,51.4414396,-2.551987
E00074122,51.4609952,-2.5215954
E00074125,51.457944,-2.5202826
E00074129,51.4568516,-2.5253652
E00074185,51.459042,-2.5460996
E00074139,51.4519528,-2.5340528
E00074190,51.458782,-2.5393602
E00074159,51.4659458,-2.5309082
E00074163,51.4640876,-2.5281544
E00074165,51.4644718,-2.5338334
E00074167,51.4640936,-2.5308636
E00074154,51.4635952,-2.5405976
E00073589,51.457403,-2.555916
E00074164,51.4637312,-2.5358516
E00074157,51.4598552,-2.5268074
E00073586,51.4605274,-2.5550012
E00073257,51.4310276,-2.6229818
E00073592,51.456882,-2.5584138
E00073593,51.4561405,-2.5584985
E00074169,51.463394,-2.5480516
E00074127,51.4578968,-2.5323808
E00074433,51.4384308,-2.5889968
E00074188,51.4584902,-2.5486952
E00073473,51.4629384,-2.6179696
E00073449,51.45552567,-2.617152
E00073451,51.4544202,-2.6245762
E00073345,51.453601,-2.542763667
E00074141,51.4503064,-2.5318838
E00074133,51.4546762,-2.5306334
E00074134,51.4538988,-2.5236244
E00073357,51.4459572,-2.54287
E00073343,51.4335132,-2.5441176
E00074144,51.4497608,-2.525767
E00074143,51.4504724,-2.5235676
E00074142,51.4515156,-2.5269358
E00073447,51.4512414,-2.6184766
E00073461,51.4507482,-2.614403
E00165772,51.4517315,-2.6097635
E00073344,51.4546665,-2.54121725
E00073353,51.4503806,-2.5489148
E00074419,51.4425096,-2.5820024
E00073352,51.4522226,-2.5398816
E00073341,51.4490988,-2.5356948
E00073347,51.4538894,-2.5396334
E00073355,51.4492384,-2.538203
E00074423,51.4409442,-2.5712952
E00073400,51.44200525,-2.556204
E00073339,51.4346004,-2.549338
E00073393,51.4442462,-2.5528152
E00073364,51.4421116,-2.5348476
E00073398,51.44290525,-2.55505325
E00073399,51.4429722,-2.5519134
E00073395,51.444612,-2.550764
E00074255,51.4406145,-2.617989
E00074233,51.445099,-2.610819
E00074245,51.44240733,-2.607220333
E00074434,51.4392602,-2.593203
E00074250,51.4425335,-2.61087825
E00074231,51.44473075,-2.60144775
E00074428,51.4398192,-2.5830366
E00074414,51.4441544,-2.580066
E00074427,51.440642,-2.5771588
E00074416,51.443383,-2.5818722
E00074421,51.4420885,-2.5697445
E00073377,51.4352824,-2.5504166
E00074435,51.438542,-2.5839694
E00074438,51.437007,-2.5805884
E00073338,51.4387014,-2.5453646
E00073362,51.441622,-2.5433334
E00073359,51.4420316,-2.540288
E00073370,51.437603,-2.5444682
E00073368,51.4381256,-2.548074
E00073373,51.43749825,-2.5500455
E00073374,51.43664325,-2.5510785
E00073369,51.4389116,-2.534321
E00073372,51.4374444,-2.5315414
E00073260,51.431642,-2.6079635
E00073242,51.43434825,-2.60537775
E00174257,51.4448455,-2.59048025
E00073234,51.43839875,-2.60763625
E00174286,51.435988,-2.6042416
E00074408,51.4337974,-2.5919336
E00174229,51.4322306,-2.597017
E00074402,51.437673,-2.593712
E00074439,51.438541,-2.591971667
E00073241,51.4368156,-2.6115714
E00073230,51.4388066,-2.6107666
E00073237,51.4373408,-2.6077172
E00073229,51.4361386,-2.6200574
E00073233,51.437532,-2.6157942
E00073243,51.4355412,-2.6148232
E00073246,51.434985,-2.6117152
E00073247,51.4321878,-2.6197076
E00073982,51.432002,-2.5648254
E00073990,51.4309372,-2.5680952
E00073991,51.42977,-2.5630344
E00073996,51.4276538,-2.5662418
E00073997,51.4291284,-2.5658944
E00073985,51.4321124,-2.5724738
E00073987,51.4337516,-2.5681814
E00073989,51.4304428,-2.5740412
E00073992,51.4293082,-2.5691422
E00073994,51.4284622,-2.5726212
E00073967,51.4378094,-2.5654352
E00073968,51.4381524,-2.5696144
E00073972,51.4375014,-2.5670424
E00073973,51.4364072,-2.568163
E00073976,51.4344088,-2.571717
E00073969,51.438938,-2.5714918
E00073970,51.4372092,-2.5720428
E00073971,51.4371716,-2.5741884
E00073974,51.4363908,-2.5763776
E00073975,51.43605475,-2.5708125
E00073977,51.4358588,-2.5655898
E00073978,51.4357152,-2.5636976
E00073979,51.4351832,-2.5622404
E00073984,51.4338132,-2.5643328
E00073986,51.4322868,-2.5616816
E00073406,51.43909625,-2.55395275
E00073407,51.4375312,-2.5546878
E00073409,51.4378336,-2.5581958
E00073412,51.4356014,-2.5533292
E00073413,51.4344968,-2.556406
E00073389,51.4413706,-2.5601328
E00073405,51.4392942,-2.5598912
E00073408,51.4360794,-2.5582984
E00073410,51.4369012,-2.5617352
E00073411,51.435093,-2.5600502
E00073380,51.4325446,-2.5520812
E00073381,51.4326702,-2.5487106
E00073382,51.4310528,-2.548073
E00073384,51.4289814,-2.5540316
E00073388,51.4268744,-2.5528642
E00073379,51.4289338,-2.5489192
E00073383,51.429717,-2.5517882
E00073385,51.429128,-2.545475
E00073386,51.427713,-2.5397624
E00073387,51.4272058,-2.545878
E00073638,51.4293132,-2.5878874
E00073666,51.4353914,-2.5825848
E00073667,51.4319848,-2.5848028
E00073668,51.4295754,-2.585414
E00073669,51.4332276,-2.5887344
E00073652,51.424947,-2.5799122
E00073654,51.424161,-2.5817834
E00073655,51.4233434,-2.5774932
E00073661,51.4213728,-2.583172
E00073641,51.428443,-2.5798762
E00073645,51.42677733,-2.581228
E00073646,51.4268834,-2.5857562
E00073648,51.4260835,-2.5821085
E00073670,51.4291016,-2.5830748
E00073965,51.4274582,-2.5731924
E00073966,51.428281,-2.575993
E00073993,51.4289334,-2.5774944
E00073998,51.426991,-2.5782264
E00073999,51.426447,-2.573485
E00073980,51.4358466,-2.5792532
E00073981,51.43311425,-2.580015
E00073983,51.4338438,-2.5762588
E00073988,51.4326112,-2.5777254
E00073995,51.4306048,-2.5783782
E00073639,51.4275654,-2.5977324
E00073647,51.4258416,-2.5937346
E00073651,51.4250888,-2.599205
E00073656,51.423539,-2.598077
E00073660,51.4223976,-2.5956134
E00073662,51.42064,-2.5939772
E00073663,51.420844,-2.5980302
E00073664,51.4187408,-2.5949994
E00073665,51.4175212,-2.5933066
E00073636,51.4228224,-2.5905308
E00073650,51.4253906,-2.5836572
E00073653,51.422875,-2.5871316
E00073658,51.4239658,-2.5884372
E00073659,51.4196526,-2.5898948
E00073637,51.4222134,-2.5935604
E00073642,51.427694,-2.588324
E00073649,51.4255148,-2.588031
E00073657,51.4243374,-2.5918418
E00073640,51.43089575,-2.59124975
E00073643,51.427676,-2.5912264
E00073644,51.4277374,-2.5933646
E00073671,51.4298712,-2.5931734
E00073319,51.4306236,-2.6117614
E00073320,51.4276148,-2.6126086
E00073321,51.4274698,-2.6145996
E00073323,51.42580767,-2.612619667
E00073325,51.4280524,-2.608294
E00073324,51.4244902,-2.612469
E00073326,51.4247626,-2.6156484
E00073327,51.4243998,-2.618313
E00073328,51.4229354,-2.6157928
E00073322,51.4232266,-2.630539
E00073329,51.4235754,-2.6215488
E00073331,51.4199726,-2.6297774
E00073332,51.4206588,-2.6232146
E00073333,51.4184654,-2.6274334
E00073301,51.418233,-2.6200764
E00073330,51.4208254,-2.6182158
E00073334,51.4184308,-2.6238314
E00073336,51.416165,-2.6186934
E00073783,51.4196156,-2.5797754
E00073784,51.4132044,-2.5863722
E00073790,51.4170278,-2.5764096
E00073798,51.414187,-2.57386
E00073786,51.4194744,-2.5729886
E00073789,51.4176044,-2.573647
E00073791,51.4155548,-2.5713494
E00073792,51.4158862,-2.5679656
E00073795,51.4152448,-2.5656426
E00073782,51.4216986,-2.573494
E00073785,51.42044,-2.577744
E00073787,51.4180134,-2.575444
E00073812,51.42348775,-2.5737585
E00073817,51.421214,-2.5754666
E00073794,51.4143664,-2.5626178
E00073796,51.413527,-2.566838
E00073799,51.4123704,-2.564684
E00073800,51.4133646,-2.5635286
E00073802,51.4115084,-2.5617974
E00073780,51.4258218,-2.5684458
E00073781,51.4251352,-2.5696712
E00073811,51.426466,-2.5649556
E00073813,51.424684,-2.5656902
E00073814,51.4239588,-2.5657962
E00073788,51.4221164,-2.5637342
E00073793,51.4168142,-2.562964
E00073815,51.4226316,-2.5691078
E00073816,51.4207012,-2.5692708
E00073715,51.4128036,-2.6046368
E00073716,51.4121084,-2.610793
E00073717,51.4107686,-2.6076464
E00073744,51.4132818,-2.6105156
E00073745,51.41236175,-2.6139195
E00073734,51.4235168,-2.6066996
E00073735,51.4216148,-2.6065738
E00073738,51.4195306,-2.6058528
E00073741,51.4174914,-2.6061768
E00073742,51.4153788,-2.604562
E00073711,51.4178458,-2.6117094
E00073736,51.4200682,-2.6134596
E00073737,51.4203535,-2.6095505
E00073740,51.4185998,-2.6143254
E00073713,51.4105156,-2.6177916
E00073719,51.4135578,-2.618726
E00073739,51.4170638,-2.6147246
E00073743,51.4148042,-2.6159196
E00074267,51.4170116,-2.5387418
E00074270,51.4154828,-2.5386864
E00074281,51.4157832,-2.536297
E00074282,51.4143236,-2.537373
E00074289,51.4131992,-2.5366812
E00074273,51.420979,-2.5529944
E00074274,51.4181394,-2.5510588
E00074276,51.4183332,-2.543822
E00074286,51.4152258,-2.5514928
E00074298,51.4223386,-2.554095
E00074268,51.4150688,-2.5546946
E00074272,51.4181602,-2.5542146
E00074277,51.4173572,-2.5559966
E00074279,51.4155112,-2.5592612
E00074288,51.4123096,-2.5565362
E00074269,51.414216,-2.5474628
E00074278,51.4167482,-2.5454716
E00074280,51.4158922,-2.5439772
E00074283,51.414572,-2.5447092
E00074284,51.41399025,-2.54027275
E00074271,51.4124092,-2.5469236
E00074287,51.4118202,-2.5510432
E00074290,51.4123066,-2.553925
E00074291,51.4105938,-2.5529406
E00074294,51.409715,-2.551648
E00074266,51.411243,-2.54362
E00074285,51.4123578,-2.5422068
E00074292,51.4108664,-2.539995
E00074293,51.4101236,-2.547322
E00074295,51.410203,-2.5419226
E00074275,51.4195488,-2.5595522
E00074296,51.4245826,-2.561308
E00074297,51.4267636,-2.5590938
E00074299,51.42118725,-2.556803
E00074300,51.422493,-2.5594614
E00073306,51.4102054,-2.6294394
E00073307,51.4117792,-2.621996
E00073308,51.4107584,-2.6265832
E00073309,51.409754,-2.6213644
E00073310,51.4102324,-2.6244936
E00073304,51.4042484,-2.6253348
E00073311,51.4091056,-2.6266468
E00073312,51.40788,-2.6237658
E00073314,51.4061988,-2.6238002
E00073315,51.4055026,-2.6243464
E00073313,51.407366,-2.6308552
E00073316,51.4057566,-2.6287544
E00073317,51.4060304,-2.6307506
E00073318,51.4042192,-2.6291414
E00073302,51.4154332,-2.6244416
E00073303,51.4160138,-2.627187
E00073305,51.414025,-2.6210976
E00073335,51.4177778,-2.6254998
E00073337,51.413466,-2.6258086
E00073712,51.4116626,-2.6013432
E00073714,51.4123208,-2.59814
E00073720,51.4107214,-2.5983
E00073724,51.4107076,-2.6033242
E00073721,51.409463,-2.6159254
E00073723,51.4091778,-2.619439
E00073725,51.4078628,-2.6158036
E00073727,51.407277,-2.614392
E00073731,51.4065788,-2.6152078
E00073718,51.4092878,-2.6071726
E00073722,51.4092452,-2.6090758
E00073728,51.4067148,-2.605914
E00073730,51.4068584,-2.6102516
E00073732,51.4058572,-2.6082662
E00073709,51.405402,-2.613812333
E00073710,51.404917,-2.6117812
E00073726,51.4057074,-2.6187162
E00073729,51.4069566,-2.6206474
E00073733,51.404749,-2.6194618
E00073797,51.4103102,-2.5819268
E00073804,51.409642,-2.5691476
E00073806,51.4088018,-2.572996
E00073809,51.4056164,-2.5685776
E00073810,51.4063954,-2.5666806
E00073801,51.4114736,-2.5682444
E00073803,51.4102598,-2.5640886
E00073805,51.4107738,-2.5660876
E00073807,51.4088916,-2.564845
E00073808,51.408263,-2.5676354
E00074368,51.4068264,-2.5744958
E00074378,51.4041522,-2.57598
E00074379,51.4024214,-2.5780918
E00074381,51.4043645,-2.572948
E00074386,51.4032006,-2.5746514
E00074363,51.4058976,-2.5791332
E00074373,51.405144,-2.5824246
E00074376,51.404549,-2.580959
E00074398,51.4070756,-2.5783344
E00074365,51.402608,-2.5719384
E00074380,51.4026094,-2.568954
E00074382,51.4017678,-2.5738454
E00074388,51.400982,-2.5705064
E00074396,51.4047608,-2.5703898
E00074367,51.4050158,-2.6014086
E00074375,51.404551,-2.6050282
E00074384,51.4034938,-2.6060522
E00074387,51.4023608,-2.6028374
E00074393,51.4069142,-2.60135
E00074364,51.402736,-2.5998232
E00074371,51.4040316,-2.5996476
E00074374,51.4046878,-2.596976
E00074385,51.4025458,-2.5966782
E00074389,51.4015244,-2.598928
E00074372,51.4051018,-2.5937152
E00074390,51.405962,-2.592506
E00074391,51.4083884,-2.5952762
E00074392,51.4094662,-2.5968946
E00074394,51.407342,-2.5997854
E00074395,51.4084842,-2.5990216
E00074397,51.4064698,-2.5963038
E00074366,51.4052076,-2.5847832
E00074369,51.4041596,-2.587165
E00074370,51.4097142,-2.5900142
E00074377,51.4040924,-2.5926414
E00074383,51.40317,-2.5909216
E00174225,51.4547696,-2.5763218
E00174232,51.4537764,-2.5778488
E00174248,51.45695267,-2.576348333
E00174288,51.4525038,-2.5734576
E00174300,51.452682,-2.578347
E00174301,51.4524892,-2.5799574
E00074002,51.4480374,-2.5773474
E00174234,51.4560174,-2.580413
E00174249,51.4545008,-2.5822854
E00174287,51.4558028,-2.5808134
E00174298,51.456705,-2.5833572
E00174299,51.4567572,-2.581272
E00174242,51.4530226,-2.5887488
E00174256,51.4510224,-2.5906824
E00174262,51.4488512,-2.58866
E00174277,51.4503646,-2.5912902
E00174316,51.451033,-2.5864828
E00074028,51.4596102,-2.582321
E00074033,51.4584772,-2.5809102
E00174253,51.4593642,-2.5771566
E00174282,51.458179,-2.5750714
E00174321,51.4572872,-2.5829906
E00174322,51.45770175,-2.5804885
E00074007,51.4479492,-2.5850158
E00074008,51.44715525,-2.58632275
E00074009,51.4471462,-2.58923
E00074010,51.4461494,-2.5885472
E00073574,51.4650502,-2.5594208
E00073576,51.4636564,-2.5566776
E00073577,51.462575,-2.5618778
E00073578,51.463466,-2.5609165
E00073584,51.4601138,-2.5616664
E00074013,51.4647128,-2.5657128
E00074019,51.4623342,-2.5707764
E00074022,51.4625712,-2.5649926
E00074023,51.4611982,-2.567351
E00074027,51.4613696,-2.5705684
E00074029,51.4611894,-2.5692478
E00074001,51.467393,-2.5678278
E00074012,51.4665126,-2.5676528
E00074014,51.465283,-2.5668428
E00074018,51.4646268,-2.5686486
E00074020,51.4634224,-2.569207
E00174239,51.4663288,-2.5691136
E00174273,51.465162,-2.5698792
E00174305,51.464119,-2.5705942
E00074011,51.4658966,-2.5712238
E00074016,51.4647628,-2.5731738
E00074021,51.463597,-2.5740166
E00074024,51.4622738,-2.5743224
E00074025,51.4604224,-2.5740922
E00074026,51.461466,-2.576195
E00074000,51.4529696,-2.5608246
E00074006,51.452421,-2.5645426
E00074038,51.456533,-2.562584
E00074040,51.4549914,-2.56234
E00074041,51.4542512,-2.5621842
E00074042,51.4537665,-2.56138075
E00074037,51.45639,-2.5635002
E00174251,51.45744,-2.5675292
E00174254,51.4563794,-2.5656738
E00174290,51.4553514,-2.564423
E00174319,51.457822,-2.56981
E00074003,51.4541028,-2.5674876
E00074030,51.4576768,-2.5710954
E00074032,51.4594616,-2.5693876
E00074034,51.4567242,-2.574647
E00073565,51.46905,-2.565338
E00073566,51.4674294,-2.5609386
E00073567,51.4671556,-2.5644534
E00073570,51.4666065,-2.56274725
E00073573,51.465754,-2.5626768
E00073575,51.464312,-2.5621986
E00073561,51.4687702,-2.558156
E00073562,51.468397,-2.5624242
E00073563,51.4687472,-2.560298
E00073564,51.4674528,-2.5572674
E00073597,51.4703298,-2.5636202
E00073559,51.4668816,-2.5554468
E00073568,51.466388,-2.559869
E00073569,51.4668776,-2.55175
E00073571,51.4654354,-2.5582076
E00073572,51.4636414,-2.55463
E00073603,51.4732996,-2.5594266
E00073605,51.4731292,-2.5547478
E00073607,51.4724222,-2.5559028
E00073611,51.4722806,-2.560736
E00073612,51.4705514,-2.5587106
E00174260,51.4720472,-2.5617726
E00174326,51.4715776,-2.5597888
E00075090,51.5187724,-2.6040972
E00075091,51.5151512,-2.646491
E00075098,51.5304272,-2.6318832
E00075099,51.539594,-2.6192038
E00075100,51.5432056,-2.6058122
E00075145,51.5255855,-2.529691
E00075149,51.52725,-2.536422333
E00075150,51.526851,-2.5340375
E00075151,51.5270185,-2.5313655
E00075152,51.5257366,-2.5377476
E00075146,51.5238956,-2.529495
E00075153,51.52522633,-2.535712333
E00075156,51.524114,-2.533926
E00075158,51.523104,-2.535894
E00075159,51.522854,-2.5322605
E00075164,51.53934833,-2.545106
E00075165,51.54061925,-2.54778875
E00075167,51.538489,-2.5422625
E00075169,51.53860967,-2.552560667
E00075203,51.53002875,-2.53489225
E00075204,51.529139,-2.5333355
E00075205,51.52857667,-2.538595667
E00173030,51.5298655,-2.538678
E00173083,51.53464533,-2.544545
E00173085,51.533001,-2.544114
E00075516,51.5363806,-2.5811416
E00075520,51.5359522,-2.5863344
E00075524,51.53584925,-2.5827485
E00075526,51.5338784,-2.5831504
E00075528,51.5341174,-2.58608
E00075515,51.539185,-2.5636358
E00075521,51.5373812,-2.5643552
E00075525,51.5347582,-2.5616254
E00075527,51.5382434,-2.5650504
E00075535,51.5331924,-2.5604898
E00075514,51.5387494,-2.5845722
E00075517,51.5363316,-2.577643
E00075518,51.5382276,-2.585021
E00075523,51.5407946,-2.5750612
E00075529,51.5349686,-2.5794932
E00075531,51.5344634,-2.5724346
E00075519,51.5360476,-2.5877624
E00075522,51.5334214,-2.590771
E00075537,51.5328896,-2.5882088
E00075540,51.5276998,-2.5823166
E00075532,51.5331848,-2.5757458
E00075533,51.531832,-2.5791596
E00075534,51.53313325,-2.57928925
E00075538,51.5327352,-2.5725078
E00075542,51.5307534,-2.579034
E00075512,51.53122,-2.5836696
E00075513,51.530187,-2.58718475
E00075543,51.5301258,-2.582433
E00075544,51.5286068,-2.5866174
E00075545,51.5292422,-2.5843218
E00075530,51.5335776,-2.5640246
E00075536,51.5314848,-2.5684788
E00075539,51.5307196,-2.5727192
E00075541,51.5279688,-2.572896
E00075546,51.5333766,-2.5699322
E00075147,51.5237105,-2.54587075
E00075148,51.522815,-2.548478667
E00075154,51.52447225,-2.547955
E00075155,51.524754,-2.5433605
E00075157,51.52367267,-2.539927333
E00075162,51.5414444,-2.5613418
E00075179,51.54187667,-2.563795
E00075185,51.542045,-2.565537
E00075187,51.5400616,-2.556705
E00075166,51.5391805,-2.557901
E00075168,51.5371275,-2.560412
E00075170,51.538316,-2.5525975
E00075171,51.53769625,-2.55707075
E00075172,51.537453,-2.55246
E00075173,51.536048,-2.55771
E00075174,51.5355475,-2.556083
E00075189,51.53177125,-2.547956
E00075198,51.53278667,-2.554302333
E00075199,51.5333412,-2.549209
E00075201,51.5307695,-2.548117
E00075202,51.5317126,-2.5451702
E00075190,51.5315106,-2.5540058
E00075191,51.52966925,-2.55136525
E00075200,51.530436,-2.55042275
E00173064,51.5345934,-2.5510028
E00173080,51.5360042,-2.5507208
E00173082,51.534795,-2.553687
E00075193,51.5286688,-2.5456934
E00075194,51.527411,-2.5423615
E00075195,51.52741433,-2.543609
E00075196,51.52669167,-2.541077
E00075676,51.5203498,-2.548909
E00075677,51.5170542,-2.5521208
E00075679,51.517516,-2.5451572
E00075680,51.5186236,-2.5479084
E00075683,51.5171938,-2.549128
E00075674,51.521942,-2.5443105
E00075675,51.520264,-2.5429494
E00075684,51.5194624,-2.5446496
E00075685,51.518418,-2.5391752
E00075706,51.5214832,-2.539147
E00075673,51.53094233,-2.563228
E00075693,51.532276,-2.5591384
E00075694,51.531037,-2.5601388
E00075695,51.5308035,-2.5567705
E00075696,51.5294242,-2.5578352
E00075698,51.5288252,-2.5541858
E00075699,51.5256004,-2.5542196
E00075700,51.5275918,-2.549824
E00075701,51.525636,-2.54997275
E00075703,51.5247042,-2.555088
E00075697,51.527328,-2.5584844
E00075702,51.5245632,-2.559525
E00075704,51.523619,-2.556098
E00075705,51.522203,-2.5581272
E00075707,51.5223324,-2.5535828
E00075780,51.5249742,-2.4991712
E00075784,51.5204594,-2.4986002
E00075785,51.523833,-2.5015804
E00075766,51.5152258,-2.5161164
E00075782,51.525113,-2.5075218
E00075786,51.5204116,-2.5100494
E00075787,51.5182324,-2.5071596
E00075788,51.522232,-2.5054546
E00075767,51.5144056,-2.5033762
E00075789,51.520515,-2.5024952
E00075790,51.519491,-2.5055338
E00075791,51.5186212,-2.5020822
E00075792,51.5160928,-2.5041644
E00075678,51.5174346,-2.5348164
E00075681,51.5189354,-2.5298158
E00075682,51.520006,-2.5393112
E00075686,51.51685733,-2.537934
E00075708,51.519748,-2.534213
E00075687,51.51566033,-2.548002667
E00075688,51.515313,-2.5433604
E00075689,51.5198644,-2.5551888
E00075691,51.51325867,-2.544809667
E00075692,51.507647,-2.5510126
E00173032,51.5116886,-2.5400286
E00173068,51.5162936,-2.5307158
E00173086,51.5142328,-2.5322742
E00173088,51.5156932,-2.5327174
E00075768,51.5002764,-2.5210186
E00075770,51.5014512,-2.520902
E00075771,51.5025016,-2.5200784
E00075772,51.5014686,-2.5153672
E00075773,51.4938342,-2.5199768
E00173033,51.496586,-2.5449115
E00173038,51.494537,-2.54851
E00173040,51.4969488,-2.5517562
E00173041,51.4981968,-2.5616078
E00173043,51.49382325,-2.54493275
E00173089,51.5007002,-2.5493934
E00173091,51.49564,-2.545251
E00075769,51.5113648,-2.5285458
E00075774,51.4973352,-2.5266952
E00075793,51.5131884,-2.4978466
E00173035,51.4962026,-2.5421362
E00173036,51.499855,-2.5419436
E00075312,51.5132438,-2.5641448
E00075315,51.5111432,-2.5646312
E00075318,51.510735,-2.5626152
E00075320,51.5085164,-2.5621156
E00075321,51.50912825,-2.5592805
E00075311,51.5074156,-2.5677988
E00075313,51.5114758,-2.567132
E00075319,51.5100214,-2.566278
E00075322,51.5095768,-2.5703004
E00075324,51.5071538,-2.5654096
E00075310,51.5080806,-2.5804548
E00075317,51.5106416,-2.5726866
E00075323,51.5062734,-2.5752192
E00075325,51.5070594,-2.5774284
E00075326,51.5072466,-2.5697214
E00075329,51.5045206,-2.5764096
E00075308,51.5038124,-2.5696436
E00075327,51.504619,-2.5656516
E00075328,51.504928,-2.5679264
E00075331,51.504782,-2.564095667
E00075332,51.5022706,-2.568256
E00075309,51.5027698,-2.5860606
E00075330,51.5049844,-2.5821788
E00075334,51.5024598,-2.5795078
E00075335,51.5038454,-2.5841382
E00075333,51.5027,-2.5721278
E00075336,51.5013128,-2.5772974
E00075337,51.5003424,-2.5708656
E00075338,51.5009954,-2.567603
E00075314,51.511562,-2.5706224
E00075316,51.5134046,-2.5678034
E00075339,51.5170168,-2.5693682
E00075340,51.5130768,-2.5719874
E00075131,51.4885766,-2.4661056
E00075609,51.480915,-2.4842352
E00173055,51.46536,-2.4592014
E00173057,51.471304,-2.478009
E00173058,51.471659,-2.48331775
E00173094,51.47538167,-2.479424
E00173096,51.4738452,-2.4845146
E00075637,51.4619014,-2.4777752
E00075640,51.4605552,-2.4788292
E00173060,51.47355633,-2.48311
E00173066,51.4715506,-2.485708
E00173092,51.474516,-2.4810805
E00075285,51.5035182,-2.4970698
E00075288,51.5009426,-2.5006868
E00075291,51.5001874,-2.5046776
E00075292,51.4974596,-2.5009192
E00075293,51.4975082,-2.5049854
E00075286,51.50163825,-2.505285
E00075287,51.4983162,-2.5107562
E00075289,51.5003756,-2.505305
E00075290,51.499321,-2.5080736
E00075295,51.4956446,-2.5023024
E00075296,51.4958538,-2.4978506
E00075299,51.4928478,-2.5002954
E00075302,51.4929016,-2.5035862
E00075303,51.4934246,-2.5077204
E00075613,51.4991896,-2.4915512
E00075616,51.49777,-2.4938956
E00075618,51.4966094,-2.4957558
E00075619,51.4954118,-2.4930288
E00075646,51.4992136,-2.4981206
E00075610,51.5050562,-2.4889084
E00075612,51.5005764,-2.4903156
E00075644,51.503137,-2.4937982
E00075645,51.5011606,-2.4942148
E00075647,51.503767,-2.4918254
E00075607,51.5033145,-2.48581375
E00075611,51.500943,-2.4828974
E00075614,51.49933633,-2.483008
E00075615,51.49762125,-2.48425525
E00075625,51.4977718,-2.4731802
E00075602,51.4931856,-2.4827864
E00075608,51.4960186,-2.4794024
E00075622,51.49485725,-2.48259825
E00075626,51.4940704,-2.4792954
E00075629,51.491326,-2.479863
E00075631,51.4899394,-2.477619
E00075627,51.4907832,-2.48699
E00075632,51.490503,-2.4835732
E00075633,51.4881142,-2.485769
E00075634,51.4877428,-2.4821876
E00173044,51.489715,-2.4711036
E00173046,51.488761,-2.4749652
E00173050,51.48555,-2.472935
E00173052,51.486917,-2.474513667
E00173054,51.49104675,-2.47489875
E00075604,51.4875268,-2.477274
E00075605,51.4860045,-2.4807045
E00173047,51.4842272,-2.4766492
E00173049,51.48487925,-2.4771645
E00075275,51.4943416,-2.5134168
E00075294,51.4959424,-2.508324
E00075297,51.494923,-2.5057802
E00075298,51.4951314,-2.5113312
E00075301,51.4922326,-2.5103712
E00075276,51.4886058,-2.501845
E00075278,51.4854516,-2.4981004
E00075279,51.4847834,-2.4999566
E00075304,51.4904586,-2.4996356
E00075306,51.4877044,-2.4994872
E00075277,51.4875208,-2.5054132
E00075280,51.486215,-2.5032616
E00075283,51.4845244,-2.5070796
E00075300,51.4903366,-2.504082
E00075307,51.4879082,-2.5085516
E00075274,51.4860488,-2.5121144
E00075281,51.4840018,-2.5119646
E00075282,51.48335,-2.51395
E00075284,51.4839234,-2.5156156
E00075305,51.487524,-2.5118312
E00075558,51.489893,-2.4913996
E00075559,51.4886534,-2.4921232
E00075560,51.4885034,-2.4939394
E00075588,51.4914032,-2.4911128
E00075562,51.4867976,-2.4875956
E00075565,51.4851554,-2.4884164
E00075566,51.4846446,-2.4833156
E00075567,51.483528,-2.4855818
E00075569,51.482911,-2.4895588
E00075561,51.4864808,-2.4954126
E00075563,51.4844804,-2.4917848
E00075564,51.4849964,-2.4955002
E00075568,51.4830752,-2.4936646
E00075571,51.4808678,-2.4953522
E00075617,51.497403,-2.48684925
E00075620,51.4954774,-2.4872588
E00075621,51.4960368,-2.489195
E00075623,51.4937304,-2.4905504
E00075624,51.4942324,-2.4929096
E00075628,51.4932688,-2.4872986
E00075112,51.42488,-2.4595656
E00075113,51.4252228,-2.461157
E00075117,51.4302144,-2.4788142
E00075118,51.4311466,-2.4745224
E00075121,51.4326626,-2.4786582
E00075570,51.4808532,-2.4903834
E00075572,51.4771076,-2.496008
E00075573,51.47792275,-2.4934025
E00075574,51.4760196,-2.4913048
E00075575,51.475547,-2.4998496
E00075577,51.4746246,-2.4967556
E00075578,51.4749118,-2.4944028
E00075579,51.4725612,-2.495751
E00075580,51.4742294,-2.4988274
E00075576,51.473556,-2.4930984
E00075582,51.4723562,-2.4897536
E00075583,51.4721766,-2.4917246
E00075585,51.4706316,-2.4928046
E00075652,51.483608,-2.5049554
E00075654,51.4824494,-2.5034736
E00075655,51.4822726,-2.5013864
E00075661,51.4802444,-2.5003564
E00075665,51.4799134,-2.4979766
E00075651,51.4838198,-2.508901
E00075653,51.4827086,-2.5080968
E00075656,51.4820048,-2.5091428
E00075657,51.4820896,-2.5120124
E00075658,51.4812928,-2.504564
E00075396,51.4665814,-2.503817
E00075421,51.4684248,-2.5035956
E00075424,51.4689338,-2.501289
E00075425,51.4686062,-2.5059324
E00075415,51.4722934,-2.501611
E00075416,51.4720878,-2.5057668
E00075417,51.4718984,-2.5096206
E00075418,51.470171,-2.5082422
E00075420,51.4679948,-2.5080334
E00075400,51.4656416,-2.5082576
E00075401,51.466789,-2.511069
E00075404,51.4648166,-2.5105576
E00075410,51.4629236,-2.5072606
E00075419,51.46804,-2.5113972
E00075662,51.4799266,-2.5032416
E00075666,51.4777782,-2.5006462
E00075667,51.4777408,-2.5042976
E00075670,51.476028,-2.5013148
E00075671,51.4765032,-2.5031346
E00075659,51.480609,-2.510046
E00075660,51.4801124,-2.5126926
E00075663,51.4789044,-2.5111644
E00075664,51.4794162,-2.506657
E00075668,51.4772856,-2.5101384
E00075648,51.4751908,-2.510702
E00075649,51.4734428,-2.509315
E00075650,51.4741444,-2.504298
E00075669,51.4767402,-2.5060892
E00075672,51.4756104,-2.50836
E00075397,51.4681188,-2.4885998
E00075412,51.4617662,-2.4853776
E00075413,51.46228675,-2.481405
E00075422,51.4690708,-2.491809
E00075423,51.4664174,-2.4898804
E00075395,51.4677526,-2.4935422
E00075398,51.4655394,-2.498894
E00075403,51.4660464,-2.494696
E00075405,51.464421,-2.4964114
E00075426,51.4676808,-2.497368
E00075394,51.4622844,-2.494658
E00075399,51.4644916,-2.5009612
E00075406,51.4624678,-2.4971074
E00075407,51.4646436,-2.505561
E00075409,51.462832,-2.5002724
E00075411,51.4629668,-2.5037226
E00075392,51.4635666,-2.4912976
E00075393,51.4625196,-2.4886756
E00075402,51.4654242,-2.4911972
E00075408,51.4640702,-2.4878568
E00075414,51.4621198,-2.4919672
E00075581,51.4712152,-2.4971906
E00075584,51.469409,-2.4990774
E00075586,51.46926533,-2.496511333
E00075587,51.4697954,-2.4948404
E00075382,51.4516356,-2.5128656
E00075384,51.4494104,-2.5098124
E00075385,51.451117,-2.51701
E00075386,51.449835,-2.5144045
E00075388,51.44927,-2.5116794
E00075800,51.4552722,-2.510952
E00075809,51.453738,-2.5133238
E00075810,51.4551196,-2.5148704
E00075812,51.4532084,-2.51617
E00075825,51.457204,-2.5122774
E00075806,51.4560132,-2.5092708
E00075817,51.462245,-2.51145
E00075824,51.4586034,-2.5138764
E00075826,51.4573166,-2.5061962
E00173061,51.4588398,-2.5094976
E00173063,51.4599066,-2.5092794
E00075802,51.457102,-2.504217
E00075814,51.462201,-2.5084934
E00075815,51.461287,-2.505901
E00075816,51.4611926,-2.499477
E00075822,51.4582358,-2.5008118
E00075794,51.4605422,-2.4943518
E00075795,51.4605674,-2.4920112
E00075819,51.4598542,-2.4969462
E00075820,51.4589126,-2.4891004
E00075823,51.4584075,-2.49638725
E00075487,51.45509033,-2.48233
E00075492,51.451936,-2.4851898
E00075505,51.45418067,-2.481385
E00075506,51.4520338,-2.482278
E00075507,51.4532556,-2.4822936
E00075510,51.45168667,-2.487206333
E00075488,51.4490844,-2.4891048
E00075489,51.4487428,-2.492635
E00075491,51.449947,-2.49450025
E00075508,51.45130025,-2.48914375
E00075511,51.4504768,-2.4920324
E00075638,51.4579552,-2.4706126
E00075639,51.4592172,-2.47465
E00075641,51.4562404,-2.4669938
E00075642,51.453533,-2.47675
E00075643,51.455069,-2.4579638
E00075796,51.4581318,-2.4939252
E00075801,51.4569536,-2.4901614
E00075804,51.456143,-2.4886188
E00075818,51.458818,-2.4866298
E00075798,51.4541314,-2.4945814
E00075805,51.4566556,-2.4938832
E00075807,51.455236,-2.496493
E00075808,51.4552202,-2.5011474
E00075827,51.4536484,-2.4944146
E00075797,51.45318,-2.5004084
E00075799,51.456561,-2.499415
E00075803,51.4551976,-2.5035882
E00075811,51.4535396,-2.5025998
E00075813,51.4526422,-2.5051862
E00075467,51.4440572,-2.46954
E00075470,51.443592,-2.473213
E00075471,51.4414634,-2.4678096
E00075485,51.4439986,-2.4638098
E00075465,51.4495756,-2.4679244
E00075474,51.4532368,-2.4658374
E00075475,51.4533916,-2.4689362
E00075476,51.451837,-2.4654664
E00075478,51.4512044,-2.4702292
E00075479,51.451042,-2.4735086
E00075480,51.4489528,-2.47254
E00075481,51.4482052,-2.4741068
E00075483,51.4466074,-2.4749616
E00075466,51.446603,-2.4702826
E00075477,51.449053,-2.46214
E00075482,51.448501,-2.4701064
E00075484,51.44560925,-2.47213225
E00075496,51.4464482,-2.4807194
E00075497,51.447114,-2.4851062
E00075498,51.4469012,-2.4901122
E00075499,51.4447806,-2.487191
E00075500,51.4444428,-2.4838838
E00075486,51.4430076,-2.4816216
E00075501,51.443468,-2.4884862
E00075502,51.4426308,-2.4846848
E00075503,51.4418504,-2.483318
E00075504,51.442022,-2.489251
E00075490,51.4494798,-2.482711
E00075493,51.4480844,-2.4771538
E00075494,51.4479384,-2.4818026
E00075495,51.4493214,-2.485674
E00075509,51.450617,-2.4782932
E00075372,51.4468034,-2.5150246
E00075374,51.4485788,-2.5159484
E00075375,51.4472396,-2.5194098
E00075376,51.4490258,-2.5215452
E00075387,51.4495916,-2.518452
E00075378,51.446412,-2.5110574
E00075380,51.452667,-2.5097426
E00075381,51.4507214,-2.5024252
E00075383,51.4502204,-2.5062474
E00075390,51.447592,-2.5076774
E00075362,51.4435756,-2.522329
E00075368,51.4461402,-2.5181884
E00075379,51.4461142,-2.5240416
E00075389,51.448196,-2.5242324
E00075391,51.4476914,-2.5270586
E00075361,51.4412638,-2.5229126
E00075363,51.440394,-2.5191592
E00075367,51.441789,-2.5168098
E00075369,51.4442406,-2.5138216
E00075370,51.4444246,-2.5066752
E00075371,51.4447566,-2.5103884
E00075373,51.4461314,-2.506196
E00075377,51.4475868,-2.502336
E00075360,51.4420836,-2.5123296
E00075364,51.4375918,-2.5183018
E00075365,51.4375998,-2.521746
E00075366,51.4351116,-2.5180404
E00075114,51.4349248,-2.4723002
E00075115,51.4365418,-2.4754216
E00075116,51.4334908,-2.474912
E00075119,51.4324484,-2.4804856
E00075120,51.434912,-2.4787046
E00075441,51.4389342,-2.4964344
E00075453,51.4373506,-2.4918022
E00075454,51.4404998,-2.4891258
E00075455,51.4403696,-2.4946256
E00075464,51.4411652,-2.492197
E00075443,51.4329844,-2.4936684
E00075447,51.4373096,-2.486907
E00075459,51.4391,-2.4877666
E00075460,51.438406,-2.485777
E00075462,51.435287,-2.48686475
E00075452,51.4405702,-2.486332
E00075456,51.439845,-2.480323333
E00075457,51.4398028,-2.4838436
E00075458,51.4402784,-2.4816822
E00075461,51.4375424,-2.4804988
E00075442,51.4328272,-2.5023636
E00075444,51.4350682,-2.492911
E00075445,51.43638375,-2.4984935
E00075446,51.4357852,-2.4957814
E00075448,51.444218,-2.4942128
E00075449,51.4428418,-2.4928534
E00075450,51.4418246,-2.495142
E00075451,51.4454272,-2.4973482
E00075463,51.4452382,-2.4903958
E00075468,51.4416348,-2.4773882
E00075469,51.4425758,-2.4755474
E00075472,51.4401278,-2.474414
E00075473,51.4385658,-2.4738656
